Asset ID,Name,Category,File,Creator,Source URL,License,Commercial use,Attribution required,Tris,Texture,LOD,Collision,Status
AST-0001,Farmdiffusemap,farm (FBX),public/assets/fbx/farm/FarmDiffuseMap.png,unknown,unknown,unknown,Unverified,Unverified,—,bitmap texture,—,—,Blocked: licence unverified
AST-0002,Farm2 Textured,farm (FBX),public/assets/fbx/farm/farm2_textured.FBX,unknown,unknown,unknown,Unverified,Unverified,n/a (FBX),—,none,not wired (procedural colliders only),Blocked: licence unverified
AST-0003,Bush Temp Climate 001,tree (FBX),public/assets/fbx/trees/Bush_temp_climate_001.fbx,unknown,unknown,unknown,Unverified,Unverified,n/a (FBX),—,none,not wired (procedural colliders only),Blocked: licence unverified
AST-0004,Bush Temp Climate 002,tree (FBX),public/assets/fbx/trees/Bush_temp_climate_002.fbx,unknown,unknown,unknown,Unverified,Unverified,n/a (FBX),—,none,not wired (procedural colliders only),Blocked: licence unverified
AST-0005,Bush Temp Climate 003,tree (FBX),public/assets/fbx/trees/Bush_temp_climate_003.fbx,unknown,unknown,unknown,Unverified,Unverified,n/a (FBX),—,none,not wired (procedural colliders only),Blocked: licence unverified
AST-0006,Bush Temp Climate 004,tree (FBX),public/assets/fbx/trees/Bush_temp_climate_004.fbx,unknown,unknown,unknown,Unverified,Unverified,n/a (FBX),—,none,not wired (procedural colliders only),Blocked: licence unverified
AST-0007,Bush Temp Climate 005,tree (FBX),public/assets/fbx/trees/Bush_temp_climate_005.fbx,unknown,unknown,unknown,Unverified,Unverified,n/a (FBX),—,none,not wired (procedural colliders only),Blocked: licence unverified
AST-0008,Bush Temp Climate 006,tree (FBX),public/assets/fbx/trees/Bush_temp_climate_006.fbx,unknown,unknown,unknown,Unverified,Unverified,n/a (FBX),—,none,not wired (procedural colliders only),Blocked: licence unverified
AST-0009,Bush Temp Climate 007,tree (FBX),public/assets/fbx/trees/Bush_temp_climate_007.fbx,unknown,unknown,unknown,Unverified,Unverified,n/a (FBX),—,none,not wired (procedural colliders only),Blocked: licence unverified
AST-0010,Bush Temp Climate 008,tree (FBX),public/assets/fbx/trees/Bush_temp_climate_008.fbx,unknown,unknown,unknown,Unverified,Unverified,n/a (FBX),—,none,not wired (procedural colliders only),Blocked: licence unverified
AST-0011,Bush Temp Climate 009,tree (FBX),public/assets/fbx/trees/Bush_temp_climate_009.fbx,unknown,unknown,unknown,Unverified,Unverified,n/a (FBX),—,none,not wired (procedural colliders only),Blocked: licence unverified
AST-0012,Bush Temp Climate 010,tree (FBX),public/assets/fbx/trees/Bush_temp_climate_010.fbx,unknown,unknown,unknown,Unverified,Unverified,n/a (FBX),—,none,not wired (procedural colliders only),Blocked: licence unverified
AST-0013,Bush Temp Climate 011,tree (FBX),public/assets/fbx/trees/Bush_temp_climate_011.fbx,unknown,unknown,unknown,Unverified,Unverified,n/a (FBX),—,none,not wired (procedural colliders only),Blocked: licence unverified
AST-0014,Bush Temp Climate 012,tree (FBX),public/assets/fbx/trees/Bush_temp_climate_012.fbx,unknown,unknown,unknown,Unverified,Unverified,n/a (FBX),—,none,not wired (procedural colliders only),Blocked: licence unverified
AST-0015,Bush Temp Climate 013,tree (FBX),public/assets/fbx/trees/Bush_temp_climate_013.fbx,unknown,unknown,unknown,Unverified,Unverified,n/a (FBX),—,none,not wired (procedural colliders only),Blocked: licence unverified
AST-0016,T Bush Temp Climate,tree (FBX),public/assets/fbx/trees/T_Bush_temp_climate.png,unknown,unknown,unknown,Unverified,Unverified,—,bitmap texture,—,—,Blocked: licence unverified
AST-0017,T Trees Temp Climate,tree (FBX),public/assets/fbx/trees/T_Trees_temp_climate.png,unknown,unknown,unknown,Unverified,Unverified,—,bitmap texture,—,—,Blocked: licence unverified
AST-0018,Tree Temp Climate 001,tree (FBX),public/assets/fbx/trees/Tree_temp_climate_001.FBX,unknown,unknown,unknown,Unverified,Unverified,n/a (FBX),—,none,not wired (procedural colliders only),Blocked: licence unverified
AST-0019,Tree Temp Climate 002,tree (FBX),public/assets/fbx/trees/Tree_temp_climate_002.FBX,unknown,unknown,unknown,Unverified,Unverified,n/a (FBX),—,none,not wired (procedural colliders only),Blocked: licence unverified
AST-0020,Tree Temp Climate 003,tree (FBX),public/assets/fbx/trees/Tree_temp_climate_003.FBX,unknown,unknown,unknown,Unverified,Unverified,n/a (FBX),—,none,not wired (procedural colliders only),Blocked: licence unverified
AST-0021,Tree Temp Climate 004,tree (FBX),public/assets/fbx/trees/Tree_temp_climate_004.FBX,unknown,unknown,unknown,Unverified,Unverified,n/a (FBX),—,none,not wired (procedural colliders only),Blocked: licence unverified
AST-0022,Tree Temp Climate 005,tree (FBX),public/assets/fbx/trees/Tree_temp_climate_005.FBX,unknown,unknown,unknown,Unverified,Unverified,n/a (FBX),—,none,not wired (procedural colliders only),Blocked: licence unverified
AST-0023,Tree Temp Climate 006,tree (FBX),public/assets/fbx/trees/Tree_temp_climate_006.FBX,unknown,unknown,unknown,Unverified,Unverified,n/a (FBX),—,none,not wired (procedural colliders only),Blocked: licence unverified
AST-0024,Tree Temp Climate 007,tree (FBX),public/assets/fbx/trees/Tree_temp_climate_007.FBX,unknown,unknown,unknown,Unverified,Unverified,n/a (FBX),—,none,not wired (procedural colliders only),Blocked: licence unverified
AST-0025,Tree Temp Climate 008,tree (FBX),public/assets/fbx/trees/Tree_temp_climate_008.FBX,unknown,unknown,unknown,Unverified,Unverified,n/a (FBX),—,none,not wired (procedural colliders only),Blocked: licence unverified
AST-0026,Tree Temp Climate 009,tree (FBX),public/assets/fbx/trees/Tree_temp_climate_009.FBX,unknown,unknown,unknown,Unverified,Unverified,n/a (FBX),—,none,not wired (procedural colliders only),Blocked: licence unverified
AST-0027,Tree Temp Climate 010,tree (FBX),public/assets/fbx/trees/Tree_temp_climate_010.FBX,unknown,unknown,unknown,Unverified,Unverified,n/a (FBX),—,none,not wired (procedural colliders only),Blocked: licence unverified
AST-0028,Tree Temp Climate 011,tree (FBX),public/assets/fbx/trees/Tree_temp_climate_011.FBX,unknown,unknown,unknown,Unverified,Unverified,n/a (FBX),—,none,not wired (procedural colliders only),Blocked: licence unverified
AST-0029,Tree Temp Climate 012,tree (FBX),public/assets/fbx/trees/Tree_temp_climate_012.FBX,unknown,unknown,unknown,Unverified,Unverified,n/a (FBX),—,none,not wired (procedural colliders only),Blocked: licence unverified
AST-0030,Tree Temp Climate 013,tree (FBX),public/assets/fbx/trees/Tree_temp_climate_013.FBX,unknown,unknown,unknown,Unverified,Unverified,n/a (FBX),—,none,not wired (procedural colliders only),Blocked: licence unverified
AST-0031,Tree Temp Climate 014,tree (FBX),public/assets/fbx/trees/Tree_temp_climate_014.FBX,unknown,unknown,unknown,Unverified,Unverified,n/a (FBX),—,none,not wired (procedural colliders only),Blocked: licence unverified
AST-0032,Tree Temp Climate 015,tree (FBX),public/assets/fbx/trees/Tree_temp_climate_015.FBX,unknown,unknown,unknown,Unverified,Unverified,n/a (FBX),—,none,not wired (procedural colliders only),Blocked: licence unverified
AST-0033,Tree Temp Climate 016,tree (FBX),public/assets/fbx/trees/Tree_temp_climate_016.FBX,unknown,unknown,unknown,Unverified,Unverified,n/a (FBX),—,none,not wired (procedural colliders only),Blocked: licence unverified
AST-0034,Tree Temp Climate 017,tree (FBX),public/assets/fbx/trees/Tree_temp_climate_017.FBX,unknown,unknown,unknown,Unverified,Unverified,n/a (FBX),—,none,not wired (procedural colliders only),Blocked: licence unverified
AST-0035,Tree Temp Climate 018,tree (FBX),public/assets/fbx/trees/Tree_temp_climate_018.FBX,unknown,unknown,unknown,Unverified,Unverified,n/a (FBX),—,none,not wired (procedural colliders only),Blocked: licence unverified
AST-0036,Tree Temp Climate 019,tree (FBX),public/assets/fbx/trees/Tree_temp_climate_019.FBX,unknown,unknown,unknown,Unverified,Unverified,n/a (FBX),—,none,not wired (procedural colliders only),Blocked: licence unverified
AST-0037,Tree Temp Climate 020,tree (FBX),public/assets/fbx/trees/Tree_temp_climate_020.FBX,unknown,unknown,unknown,Unverified,Unverified,n/a (FBX),—,none,not wired (procedural colliders only),Blocked: licence unverified
AST-0038,Tree Temp Climate 021,tree (FBX),public/assets/fbx/trees/Tree_temp_climate_021.FBX,unknown,unknown,unknown,Unverified,Unverified,n/a (FBX),—,none,not wired (procedural colliders only),Blocked: licence unverified
AST-0039,Beach Ball,beach prop,public/assets/glb/beach/beach_ball.glb,MaggaModels,https://sketchfab.com/3d-models/beach-ball-25e1816c0e22444bb62816d3999d1b0b,CC-BY-4.0,Yes,Yes,3648,none (flat colours),none,not wired (procedural colliders only),OK — licence verified via Sketchfab API 2026-10-08
AST-0040,Beach kit,beach prop,public/assets/glb/beach/beach_kit.glb,jungle_jim,https://sketchfab.com/3d-models/beach-kit-6e0e5cc33a1542679f8383e9e260eb90,CC-BY-4.0,Yes,Yes,33448,embedded (12),none,not wired (procedural colliders only),OK — licence verified via Sketchfab API 2026-10-08
AST-0041,beach reef,beach prop,public/assets/glb/beach/beach_reef.glb,SibeYu,https://sketchfab.com/3d-models/beach-reef-5b2ee1922da846a9a6c3df4e5a8dfe43,CC-BY-4.0,Yes,Yes,61365,embedded (4),none,not wired (procedural colliders only),OK — licence verified via Sketchfab API 2026-10-08
AST-0042,Beach table,beach prop,public/assets/glb/beach/beach_table.glb,JaysonStauffer,https://sketchfab.com/3d-models/beach-table-e559392994e04527b3f5ee35a8c3c418,CC-BY-4.0,Yes,Yes,3248,embedded (9),none,not wired (procedural colliders only),OK — licence verified via Sketchfab API 2026-10-08
AST-0043,Building_[office room]_curtain,building,public/assets/glb/buildings/building_office_room_curtain.glb,yuuuusukeeee,https://sketchfab.com/3d-models/building-office-room-curtain-f4730125b3854cd4a5a70e59e369439d,CC-BY-4.0,Yes,Yes,105659,embedded (2),none,not wired (procedural colliders only),OK — licence verified via Sketchfab API 2026-10-08
AST-0044,Building_[office room]_window,building,public/assets/glb/buildings/building_office_room_window.glb,yuuuusukeeee,https://sketchfab.com/3d-models/building-office-room-window-60712a8a90cc4bf694a3a533eff582c5,CC-BY-4.0,Yes,Yes,105057,embedded (2),none,not wired (procedural colliders only),OK — licence verified via Sketchfab API 2026-10-08
AST-0045,House_[exterior],building,public/assets/glb/buildings/house_exterior.glb,yuuuusukeeee,https://sketchfab.com/3d-models/house-exterior-7023194f8bb44f398329005a2848c8ae,CC-BY-4.0,Yes,Yes,5464,none (flat colours),none,not wired (procedural colliders only),OK — licence verified via Sketchfab API 2026-10-08
AST-0046,Sunset Walking Low Poly Girl [Rigged],character,public/assets/glb/characters/sunset-walking-low-poly-girl-rigged/sunset_walking_low_poly_girl_rigged.glb,micaelsampaio,https://sketchfab.com/3d-models/sunset-walking-low-poly-girl-rigged-341f934134d041c581b590cedff26d88,CC-BY-4.0,Yes,Yes,3124,embedded (1),none,not wired (procedural colliders only),OK — licence verified via Sketchfab API 2026-10-08
AST-0047,Colormap,food,public/assets/glb/food/Textures/colormap.png,unknown,unknown,unknown,Unverified,Unverified,—,bitmap texture,—,—,Blocked: licence unverified
AST-0048,Advocado Half,food,public/assets/glb/food/advocado-half.glb,unknown,unknown,unknown,Unverified,Unverified,98,external: Textures/colormap.png,none,not wired (procedural colliders only),Blocked: licence unverified
AST-0049,Apple Half,food,public/assets/glb/food/apple-half.glb,unknown,unknown,unknown,Unverified,Unverified,124,external: Textures/colormap.png,none,not wired (procedural colliders only),Blocked: licence unverified
AST-0050,Apple,food,public/assets/glb/food/apple.glb,unknown,unknown,unknown,Unverified,Unverified,136,external: Textures/colormap.png,none,not wired (procedural colliders only),Blocked: licence unverified
AST-0051,Avocado,food,public/assets/glb/food/avocado.glb,unknown,unknown,unknown,Unverified,Unverified,44,external: Textures/colormap.png,none,not wired (procedural colliders only),Blocked: licence unverified
AST-0052,Bacon Raw,food,public/assets/glb/food/bacon-raw.glb,unknown,unknown,unknown,Unverified,Unverified,40,external: Textures/colormap.png,none,not wired (procedural colliders only),Blocked: licence unverified
AST-0053,Bacon,food,public/assets/glb/food/bacon.glb,unknown,unknown,unknown,Unverified,Unverified,40,external: Textures/colormap.png,none,not wired (procedural colliders only),Blocked: licence unverified
AST-0054,Bag Flat,food,public/assets/glb/food/bag-flat.glb,unknown,unknown,unknown,Unverified,Unverified,114,external: Textures/colormap.png,none,not wired (procedural colliders only),Blocked: licence unverified
AST-0055,Bag,food,public/assets/glb/food/bag.glb,unknown,unknown,unknown,Unverified,Unverified,46,external: Textures/colormap.png,none,not wired (procedural colliders only),Blocked: licence unverified
AST-0056,Banana,food,public/assets/glb/food/banana.glb,unknown,unknown,unknown,Unverified,Unverified,104,external: Textures/colormap.png,none,not wired (procedural colliders only),Blocked: licence unverified
AST-0057,Barrel,food,public/assets/glb/food/barrel.glb,unknown,unknown,unknown,Unverified,Unverified,308,external: Textures/colormap.png,none,not wired (procedural colliders only),Blocked: licence unverified
AST-0058,Beet,food,public/assets/glb/food/beet.glb,unknown,unknown,unknown,Unverified,Unverified,100,external: Textures/colormap.png,none,not wired (procedural colliders only),Blocked: licence unverified
AST-0059,Bottle Ketchup,food,public/assets/glb/food/bottle-ketchup.glb,unknown,unknown,unknown,Unverified,Unverified,96,external: Textures/colormap.png,none,not wired (procedural colliders only),Blocked: licence unverified
AST-0060,Bottle Musterd,food,public/assets/glb/food/bottle-musterd.glb,unknown,unknown,unknown,Unverified,Unverified,96,external: Textures/colormap.png,none,not wired (procedural colliders only),Blocked: licence unverified
AST-0061,Bottle Oil,food,public/assets/glb/food/bottle-oil.glb,unknown,unknown,unknown,Unverified,Unverified,96,external: Textures/colormap.png,none,not wired (procedural colliders only),Blocked: licence unverified
AST-0062,Bowl Broth,food,public/assets/glb/food/bowl-broth.glb,unknown,unknown,unknown,Unverified,Unverified,210,external: Textures/colormap.png,none,not wired (procedural colliders only),Blocked: licence unverified
AST-0063,Bowl Cereal,food,public/assets/glb/food/bowl-cereal.glb,unknown,unknown,unknown,Unverified,Unverified,120,external: Textures/colormap.png,none,not wired (procedural colliders only),Blocked: licence unverified
AST-0064,Bowl Soup,food,public/assets/glb/food/bowl-soup.glb,unknown,unknown,unknown,Unverified,Unverified,132,external: Textures/colormap.png,none,not wired (procedural colliders only),Blocked: licence unverified
AST-0065,Bowl,food,public/assets/glb/food/bowl.glb,unknown,unknown,unknown,Unverified,Unverified,84,external: Textures/colormap.png,none,not wired (procedural colliders only),Blocked: licence unverified
AST-0066,Bread,food,public/assets/glb/food/bread.glb,unknown,unknown,unknown,Unverified,Unverified,116,external: Textures/colormap.png,none,not wired (procedural colliders only),Blocked: licence unverified
AST-0067,Broccoli,food,public/assets/glb/food/broccoli.glb,unknown,unknown,unknown,Unverified,Unverified,220,external: Textures/colormap.png,none,not wired (procedural colliders only),Blocked: licence unverified
AST-0068,Burger Cheese Double,food,public/assets/glb/food/burger-cheese-double.glb,unknown,unknown,unknown,Unverified,Unverified,392,external: Textures/colormap.png,none,not wired (procedural colliders only),Blocked: licence unverified
AST-0069,Burger Cheese,food,public/assets/glb/food/burger-cheese.glb,unknown,unknown,unknown,Unverified,Unverified,226,external: Textures/colormap.png,none,not wired (procedural colliders only),Blocked: licence unverified
AST-0070,Burger Double,food,public/assets/glb/food/burger-double.glb,unknown,unknown,unknown,Unverified,Unverified,468,external: Textures/colormap.png,none,not wired (procedural colliders only),Blocked: licence unverified
AST-0071,Burger,food,public/assets/glb/food/burger.glb,unknown,unknown,unknown,Unverified,Unverified,294,external: Textures/colormap.png,none,not wired (procedural colliders only),Blocked: licence unverified
AST-0072,Cabbage,food,public/assets/glb/food/cabbage.glb,unknown,unknown,unknown,Unverified,Unverified,140,external: Textures/colormap.png,none,not wired (procedural colliders only),Blocked: licence unverified
AST-0073,Cake Birthday,food,public/assets/glb/food/cake-birthday.glb,unknown,unknown,unknown,Unverified,Unverified,1146,external: Textures/colormap.png,none,not wired (procedural colliders only),Blocked: licence unverified
AST-0074,Cake Slicer,food,public/assets/glb/food/cake-slicer.glb,unknown,unknown,unknown,Unverified,Unverified,36,external: Textures/colormap.png,none,not wired (procedural colliders only),Blocked: licence unverified
AST-0075,Cake,food,public/assets/glb/food/cake.glb,unknown,unknown,unknown,Unverified,Unverified,750,external: Textures/colormap.png,none,not wired (procedural colliders only),Blocked: licence unverified
AST-0076,Can Open,food,public/assets/glb/food/can-open.glb,unknown,unknown,unknown,Unverified,Unverified,216,external: Textures/colormap.png,none,not wired (procedural colliders only),Blocked: licence unverified
AST-0077,Can Small,food,public/assets/glb/food/can-small.glb,unknown,unknown,unknown,Unverified,Unverified,154,external: Textures/colormap.png,none,not wired (procedural colliders only),Blocked: licence unverified
AST-0078,Can,food,public/assets/glb/food/can.glb,unknown,unknown,unknown,Unverified,Unverified,156,external: Textures/colormap.png,none,not wired (procedural colliders only),Blocked: licence unverified
AST-0079,Candy Bar Wrapper,food,public/assets/glb/food/candy-bar-wrapper.glb,unknown,unknown,unknown,Unverified,Unverified,48,external: Textures/colormap.png,none,not wired (procedural colliders only),Blocked: licence unverified
AST-0080,Candy Bar,food,public/assets/glb/food/candy-bar.glb,unknown,unknown,unknown,Unverified,Unverified,72,external: Textures/colormap.png,none,not wired (procedural colliders only),Blocked: licence unverified
AST-0081,Carrot,food,public/assets/glb/food/carrot.glb,unknown,unknown,unknown,Unverified,Unverified,148,external: Textures/colormap.png,none,not wired (procedural colliders only),Blocked: licence unverified
AST-0082,Carton Small,food,public/assets/glb/food/carton-small.glb,unknown,unknown,unknown,Unverified,Unverified,74,external: Textures/colormap.png,none,not wired (procedural colliders only),Blocked: licence unverified
AST-0083,Carton,food,public/assets/glb/food/carton.glb,unknown,unknown,unknown,Unverified,Unverified,94,external: Textures/colormap.png,none,not wired (procedural colliders only),Blocked: licence unverified
AST-0084,Cauliflower,food,public/assets/glb/food/cauliflower.glb,unknown,unknown,unknown,Unverified,Unverified,152,external: Textures/colormap.png,none,not wired (procedural colliders only),Blocked: licence unverified
AST-0085,Celery Stick,food,public/assets/glb/food/celery-stick.glb,unknown,unknown,unknown,Unverified,Unverified,52,external: Textures/colormap.png,none,not wired (procedural colliders only),Blocked: licence unverified
AST-0086,Cheese Cut,food,public/assets/glb/food/cheese-cut.glb,unknown,unknown,unknown,Unverified,Unverified,160,external: Textures/colormap.png,none,not wired (procedural colliders only),Blocked: licence unverified
AST-0087,Cheese Slicer,food,public/assets/glb/food/cheese-slicer.glb,unknown,unknown,unknown,Unverified,Unverified,44,external: Textures/colormap.png,none,not wired (procedural colliders only),Blocked: licence unverified
AST-0088,Cheese,food,public/assets/glb/food/cheese.glb,unknown,unknown,unknown,Unverified,Unverified,576,external: Textures/colormap.png,none,not wired (procedural colliders only),Blocked: licence unverified
AST-0089,Cherries,food,public/assets/glb/food/cherries.glb,unknown,unknown,unknown,Unverified,Unverified,134,external: Textures/colormap.png,none,not wired (procedural colliders only),Blocked: licence unverified
AST-0090,Chinese,food,public/assets/glb/food/chinese.glb,unknown,unknown,unknown,Unverified,Unverified,162,external: Textures/colormap.png,none,not wired (procedural colliders only),Blocked: licence unverified
AST-0091,Chocolate Wrapper,food,public/assets/glb/food/chocolate-wrapper.glb,unknown,unknown,unknown,Unverified,Unverified,118,external: Textures/colormap.png,none,not wired (procedural colliders only),Blocked: licence unverified
AST-0092,Chocolate,food,public/assets/glb/food/chocolate.glb,unknown,unknown,unknown,Unverified,Unverified,140,external: Textures/colormap.png,none,not wired (procedural colliders only),Blocked: licence unverified
AST-0093,Chopstic Decorative,food,public/assets/glb/food/chopstic-decorative.glb,unknown,unknown,unknown,Unverified,Unverified,36,external: Textures/colormap.png,none,not wired (procedural colliders only),Blocked: licence unverified
AST-0094,Chopstick,food,public/assets/glb/food/chopstick.glb,unknown,unknown,unknown,Unverified,Unverified,12,external: Textures/colormap.png,none,not wired (procedural colliders only),Blocked: licence unverified
AST-0095,Cocktail,food,public/assets/glb/food/cocktail.glb,unknown,unknown,unknown,Unverified,Unverified,144,external: Textures/colormap.png,none,not wired (procedural colliders only),Blocked: licence unverified
AST-0096,Coconut Half,food,public/assets/glb/food/coconut-half.glb,unknown,unknown,unknown,Unverified,Unverified,92,external: Textures/colormap.png,none,not wired (procedural colliders only),Blocked: licence unverified
AST-0097,Coconut,food,public/assets/glb/food/coconut.glb,unknown,unknown,unknown,Unverified,Unverified,76,external: Textures/colormap.png,none,not wired (procedural colliders only),Blocked: licence unverified
AST-0098,Colormap,food,public/assets/glb/food/colormap.png,unknown,unknown,unknown,Unverified,Unverified,—,bitmap texture,—,—,Blocked: licence unverified
AST-0099,Cookie Chocolate,food,public/assets/glb/food/cookie-chocolate.glb,unknown,unknown,unknown,Unverified,Unverified,136,external: Textures/colormap.png,none,not wired (procedural colliders only),Blocked: licence unverified
AST-0100,Cookie,food,public/assets/glb/food/cookie.glb,unknown,unknown,unknown,Unverified,Unverified,68,external: Textures/colormap.png,none,not wired (procedural colliders only),Blocked: licence unverified
AST-0101,Cooking Fork,food,public/assets/glb/food/cooking-fork.glb,unknown,unknown,unknown,Unverified,Unverified,36,external: Textures/colormap.png,none,not wired (procedural colliders only),Blocked: licence unverified
AST-0102,Cooking Knife Chopping,food,public/assets/glb/food/cooking-knife-chopping.glb,unknown,unknown,unknown,Unverified,Unverified,80,external: Textures/colormap.png,none,not wired (procedural colliders only),Blocked: licence unverified
AST-0103,Cooking Knife,food,public/assets/glb/food/cooking-knife.glb,unknown,unknown,unknown,Unverified,Unverified,39,external: Textures/colormap.png,none,not wired (procedural colliders only),Blocked: licence unverified
AST-0104,Cooking Spatula,food,public/assets/glb/food/cooking-spatula.glb,unknown,unknown,unknown,Unverified,Unverified,72,external: Textures/colormap.png,none,not wired (procedural colliders only),Blocked: licence unverified
AST-0105,Cooking Spoon,food,public/assets/glb/food/cooking-spoon.glb,unknown,unknown,unknown,Unverified,Unverified,56,external: Textures/colormap.png,none,not wired (procedural colliders only),Blocked: licence unverified
AST-0106,Corn Dog,food,public/assets/glb/food/corn-dog.glb,unknown,unknown,unknown,Unverified,Unverified,64,external: Textures/colormap.png,none,not wired (procedural colliders only),Blocked: licence unverified
AST-0107,Corn,food,public/assets/glb/food/corn.glb,unknown,unknown,unknown,Unverified,Unverified,128,external: Textures/colormap.png,none,not wired (procedural colliders only),Blocked: licence unverified
AST-0108,Croissant,food,public/assets/glb/food/croissant.glb,unknown,unknown,unknown,Unverified,Unverified,162,external: Textures/colormap.png,none,not wired (procedural colliders only),Blocked: licence unverified
AST-0109,Cup Coffee,food,public/assets/glb/food/cup-coffee.glb,unknown,unknown,unknown,Unverified,Unverified,108,external: Textures/colormap.png,none,not wired (procedural colliders only),Blocked: licence unverified
AST-0110,Cup Saucer,food,public/assets/glb/food/cup-saucer.glb,unknown,unknown,unknown,Unverified,Unverified,116,external: Textures/colormap.png,none,not wired (procedural colliders only),Blocked: licence unverified
AST-0111,Cup Tea,food,public/assets/glb/food/cup-tea.glb,unknown,unknown,unknown,Unverified,Unverified,144,external: Textures/colormap.png,none,not wired (procedural colliders only),Blocked: licence unverified
AST-0112,Cup,food,public/assets/glb/food/cup.glb,unknown,unknown,unknown,Unverified,Unverified,112,external: Textures/colormap.png,none,not wired (procedural colliders only),Blocked: licence unverified
AST-0113,Cupcake,food,public/assets/glb/food/cupcake.glb,unknown,unknown,unknown,Unverified,Unverified,204,external: Textures/colormap.png,none,not wired (procedural colliders only),Blocked: licence unverified
AST-0114,Cutting Board Japanese,food,public/assets/glb/food/cutting-board-japanese.glb,unknown,unknown,unknown,Unverified,Unverified,104,external: Textures/colormap.png,none,not wired (procedural colliders only),Blocked: licence unverified
AST-0115,Cutting Board Round,food,public/assets/glb/food/cutting-board-round.glb,unknown,unknown,unknown,Unverified,Unverified,156,external: Textures/colormap.png,none,not wired (procedural colliders only),Blocked: licence unverified
AST-0116,Cutting Board,food,public/assets/glb/food/cutting-board.glb,unknown,unknown,unknown,Unverified,Unverified,120,external: Textures/colormap.png,none,not wired (procedural colliders only),Blocked: licence unverified
AST-0117,Dim Sum,food,public/assets/glb/food/dim-sum.glb,unknown,unknown,unknown,Unverified,Unverified,56,external: Textures/colormap.png,none,not wired (procedural colliders only),Blocked: licence unverified
AST-0118,Donut Chocolate,food,public/assets/glb/food/donut-chocolate.glb,unknown,unknown,unknown,Unverified,Unverified,120,external: Textures/colormap.png,none,not wired (procedural colliders only),Blocked: licence unverified
AST-0119,Donut Sprinkles,food,public/assets/glb/food/donut-sprinkles.glb,unknown,unknown,unknown,Unverified,Unverified,180,external: Textures/colormap.png,none,not wired (procedural colliders only),Blocked: licence unverified
AST-0120,Donut,food,public/assets/glb/food/donut.glb,unknown,unknown,unknown,Unverified,Unverified,108,external: Textures/colormap.png,none,not wired (procedural colliders only),Blocked: licence unverified
AST-0121,Egg Cooked,food,public/assets/glb/food/egg-cooked.glb,unknown,unknown,unknown,Unverified,Unverified,92,external: Textures/colormap.png,none,not wired (procedural colliders only),Blocked: licence unverified
AST-0122,Egg Cup,food,public/assets/glb/food/egg-cup.glb,unknown,unknown,unknown,Unverified,Unverified,84,external: Textures/colormap.png,none,not wired (procedural colliders only),Blocked: licence unverified
AST-0123,Egg Half,food,public/assets/glb/food/egg-half.glb,unknown,unknown,unknown,Unverified,Unverified,80,external: Textures/colormap.png,none,not wired (procedural colliders only),Blocked: licence unverified
AST-0124,Egg,food,public/assets/glb/food/egg.glb,unknown,unknown,unknown,Unverified,Unverified,44,external: Textures/colormap.png,none,not wired (procedural colliders only),Blocked: licence unverified
AST-0125,Eggplant,food,public/assets/glb/food/eggplant.glb,unknown,unknown,unknown,Unverified,Unverified,124,external: Textures/colormap.png,none,not wired (procedural colliders only),Blocked: licence unverified
AST-0126,Fish Bones,food,public/assets/glb/food/fish-bones.glb,unknown,unknown,unknown,Unverified,Unverified,384,external: Textures/colormap.png,none,not wired (procedural colliders only),Blocked: licence unverified
AST-0127,Fish,food,public/assets/glb/food/fish.glb,unknown,unknown,unknown,Unverified,Unverified,233,external: Textures/colormap.png,none,not wired (procedural colliders only),Blocked: licence unverified
AST-0128,Frappe,food,public/assets/glb/food/frappe.glb,unknown,unknown,unknown,Unverified,Unverified,320,external: Textures/colormap.png,none,not wired (procedural colliders only),Blocked: licence unverified
AST-0129,Fries Empty,food,public/assets/glb/food/fries-empty.glb,unknown,unknown,unknown,Unverified,Unverified,116,external: Textures/colormap.png,none,not wired (procedural colliders only),Blocked: licence unverified
AST-0130,Fries,food,public/assets/glb/food/fries.glb,unknown,unknown,unknown,Unverified,Unverified,564,external: Textures/colormap.png,none,not wired (procedural colliders only),Blocked: licence unverified
AST-0131,Frikandel Speciaal,food,public/assets/glb/food/frikandel-speciaal.glb,unknown,unknown,unknown,Unverified,Unverified,308,external: Textures/colormap.png,none,not wired (procedural colliders only),Blocked: licence unverified
AST-0132,Frying Pan Lid,food,public/assets/glb/food/frying-pan-lid.glb,unknown,unknown,unknown,Unverified,Unverified,156,external: Textures/colormap.png,none,not wired (procedural colliders only),Blocked: licence unverified
AST-0133,Frying Pan,food,public/assets/glb/food/frying-pan.glb,unknown,unknown,unknown,Unverified,Unverified,200,external: Textures/colormap.png,none,not wired (procedural colliders only),Blocked: licence unverified
AST-0134,Ginger Bread Cutter,food,public/assets/glb/food/ginger-bread-cutter.glb,unknown,unknown,unknown,Unverified,Unverified,136,external: Textures/colormap.png,none,not wired (procedural colliders only),Blocked: licence unverified
AST-0135,Ginger Bread,food,public/assets/glb/food/ginger-bread.glb,unknown,unknown,unknown,Unverified,Unverified,80,external: Textures/colormap.png,none,not wired (procedural colliders only),Blocked: licence unverified
AST-0136,Glass Wine,food,public/assets/glb/food/glass-wine.glb,unknown,unknown,unknown,Unverified,Unverified,232,external: Textures/colormap.png,none,not wired (procedural colliders only),Blocked: licence unverified
AST-0137,Glass,food,public/assets/glb/food/glass.glb,unknown,unknown,unknown,Unverified,Unverified,44,external: Textures/colormap.png,none,not wired (procedural colliders only),Blocked: licence unverified
AST-0138,Grapes,food,public/assets/glb/food/grapes.glb,unknown,unknown,unknown,Unverified,Unverified,592,external: Textures/colormap.png,none,not wired (procedural colliders only),Blocked: licence unverified
AST-0139,Honey,food,public/assets/glb/food/honey.glb,unknown,unknown,unknown,Unverified,Unverified,140,external: Textures/colormap.png,none,not wired (procedural colliders only),Blocked: licence unverified
AST-0140,Hot Dog Raw,food,public/assets/glb/food/hot-dog-raw.glb,unknown,unknown,unknown,Unverified,Unverified,92,external: Textures/colormap.png,none,not wired (procedural colliders only),Blocked: licence unverified
AST-0141,Hot Dog,food,public/assets/glb/food/hot-dog.glb,unknown,unknown,unknown,Unverified,Unverified,272,external: Textures/colormap.png,none,not wired (procedural colliders only),Blocked: licence unverified
AST-0142,Ice Cream Cne,food,public/assets/glb/food/ice-cream-cne.glb,unknown,unknown,unknown,Unverified,Unverified,44,external: Textures/colormap.png,none,not wired (procedural colliders only),Blocked: licence unverified
AST-0143,Ice Cream Cup,food,public/assets/glb/food/ice-cream-cup.glb,unknown,unknown,unknown,Unverified,Unverified,68,external: Textures/colormap.png,none,not wired (procedural colliders only),Blocked: licence unverified
AST-0144,Ice Cream Scoop Chocolate,food,public/assets/glb/food/ice-cream-scoop-chocolate.glb,unknown,unknown,unknown,Unverified,Unverified,80,external: Textures/colormap.png,none,not wired (procedural colliders only),Blocked: licence unverified
AST-0145,Ice Cream Scoop Mint,food,public/assets/glb/food/ice-cream-scoop-mint.glb,unknown,unknown,unknown,Unverified,Unverified,56,external: Textures/colormap.png,none,not wired (procedural colliders only),Blocked: licence unverified
AST-0146,Ice Cream,food,public/assets/glb/food/ice-cream.glb,unknown,unknown,unknown,Unverified,Unverified,80,external: Textures/colormap.png,none,not wired (procedural colliders only),Blocked: licence unverified
AST-0147,Knife Block,food,public/assets/glb/food/knife-block.glb,unknown,unknown,unknown,Unverified,Unverified,157,external: Textures/colormap.png,none,not wired (procedural colliders only),Blocked: licence unverified
AST-0148,Leek,food,public/assets/glb/food/leek.glb,unknown,unknown,unknown,Unverified,Unverified,172,external: Textures/colormap.png,none,not wired (procedural colliders only),Blocked: licence unverified
AST-0149,Lemon Half,food,public/assets/glb/food/lemon-half.glb,unknown,unknown,unknown,Unverified,Unverified,116,external: Textures/colormap.png,none,not wired (procedural colliders only),Blocked: licence unverified
AST-0150,Lemon,food,public/assets/glb/food/lemon.glb,unknown,unknown,unknown,Unverified,Unverified,104,external: Textures/colormap.png,none,not wired (procedural colliders only),Blocked: licence unverified
AST-0151,Loaf Baguette,food,public/assets/glb/food/loaf-baguette.glb,unknown,unknown,unknown,Unverified,Unverified,122,external: Textures/colormap.png,none,not wired (procedural colliders only),Blocked: licence unverified
AST-0152,Loaf Round,food,public/assets/glb/food/loaf-round.glb,unknown,unknown,unknown,Unverified,Unverified,116,external: Textures/colormap.png,none,not wired (procedural colliders only),Blocked: licence unverified
AST-0153,Loaf,food,public/assets/glb/food/loaf.glb,unknown,unknown,unknown,Unverified,Unverified,116,external: Textures/colormap.png,none,not wired (procedural colliders only),Blocked: licence unverified
AST-0154,Lollypop,food,public/assets/glb/food/lollypop.glb,unknown,unknown,unknown,Unverified,Unverified,108,external: Textures/colormap.png,none,not wired (procedural colliders only),Blocked: licence unverified
AST-0155,Maki Roe,food,public/assets/glb/food/maki-roe.glb,unknown,unknown,unknown,Unverified,Unverified,56,external: Textures/colormap.png,none,not wired (procedural colliders only),Blocked: licence unverified
AST-0156,Maki Salmon,food,public/assets/glb/food/maki-salmon.glb,unknown,unknown,unknown,Unverified,Unverified,56,external: Textures/colormap.png,none,not wired (procedural colliders only),Blocked: licence unverified
AST-0157,Maki Vegetable,food,public/assets/glb/food/maki-vegetable.glb,unknown,unknown,unknown,Unverified,Unverified,56,external: Textures/colormap.png,none,not wired (procedural colliders only),Blocked: licence unverified
AST-0158,Meat Cooked,food,public/assets/glb/food/meat-cooked.glb,unknown,unknown,unknown,Unverified,Unverified,116,external: Textures/colormap.png,none,not wired (procedural colliders only),Blocked: licence unverified
AST-0159,Meat Patty,food,public/assets/glb/food/meat-patty.glb,unknown,unknown,unknown,Unverified,Unverified,104,external: Textures/colormap.png,none,not wired (procedural colliders only),Blocked: licence unverified
AST-0160,Meat Raw,food,public/assets/glb/food/meat-raw.glb,unknown,unknown,unknown,Unverified,Unverified,110,external: Textures/colormap.png,none,not wired (procedural colliders only),Blocked: licence unverified
AST-0161,Meat Ribs,food,public/assets/glb/food/meat-ribs.glb,unknown,unknown,unknown,Unverified,Unverified,164,external: Textures/colormap.png,none,not wired (procedural colliders only),Blocked: licence unverified
AST-0162,Meat Sausage,food,public/assets/glb/food/meat-sausage.glb,unknown,unknown,unknown,Unverified,Unverified,320,external: Textures/colormap.png,none,not wired (procedural colliders only),Blocked: licence unverified
AST-0163,Meat Tenderizer,food,public/assets/glb/food/meat-tenderizer.glb,unknown,unknown,unknown,Unverified,Unverified,322,external: Textures/colormap.png,none,not wired (procedural colliders only),Blocked: licence unverified
AST-0164,Mincemeat Pie,food,public/assets/glb/food/mincemeat-pie.glb,unknown,unknown,unknown,Unverified,Unverified,164,external: Textures/colormap.png,none,not wired (procedural colliders only),Blocked: licence unverified
AST-0165,Mortar Pestle,food,public/assets/glb/food/mortar-pestle.glb,unknown,unknown,unknown,Unverified,Unverified,56,external: Textures/colormap.png,none,not wired (procedural colliders only),Blocked: licence unverified
AST-0166,Mortar,food,public/assets/glb/food/mortar.glb,unknown,unknown,unknown,Unverified,Unverified,92,external: Textures/colormap.png,none,not wired (procedural colliders only),Blocked: licence unverified
AST-0167,Muffin,food,public/assets/glb/food/muffin.glb,unknown,unknown,unknown,Unverified,Unverified,84,external: Textures/colormap.png,none,not wired (procedural colliders only),Blocked: licence unverified
AST-0168,Mug,food,public/assets/glb/food/mug.glb,unknown,unknown,unknown,Unverified,Unverified,232,external: Textures/colormap.png,none,not wired (procedural colliders only),Blocked: licence unverified
AST-0169,Mushroom Half,food,public/assets/glb/food/mushroom-half.glb,unknown,unknown,unknown,Unverified,Unverified,68,external: Textures/colormap.png,none,not wired (procedural colliders only),Blocked: licence unverified
AST-0170,Mushroom,food,public/assets/glb/food/mushroom.glb,unknown,unknown,unknown,Unverified,Unverified,80,external: Textures/colormap.png,none,not wired (procedural colliders only),Blocked: licence unverified
AST-0171,Mussel Open,food,public/assets/glb/food/mussel-open.glb,unknown,unknown,unknown,Unverified,Unverified,90,external: Textures/colormap.png,none,not wired (procedural colliders only),Blocked: licence unverified
AST-0172,Mussel,food,public/assets/glb/food/mussel.glb,unknown,unknown,unknown,Unverified,Unverified,38,external: Textures/colormap.png,none,not wired (procedural colliders only),Blocked: licence unverified
AST-0173,Onion Half,food,public/assets/glb/food/onion-half.glb,unknown,unknown,unknown,Unverified,Unverified,108,external: Textures/colormap.png,none,not wired (procedural colliders only),Blocked: licence unverified
AST-0174,Onion,food,public/assets/glb/food/onion.glb,unknown,unknown,unknown,Unverified,Unverified,68,external: Textures/colormap.png,none,not wired (procedural colliders only),Blocked: licence unverified
AST-0175,Orange,food,public/assets/glb/food/orange.glb,unknown,unknown,unknown,Unverified,Unverified,120,external: Textures/colormap.png,none,not wired (procedural colliders only),Blocked: licence unverified
AST-0176,Pan Stew,food,public/assets/glb/food/pan-stew.glb,unknown,unknown,unknown,Unverified,Unverified,344,external: Textures/colormap.png,none,not wired (procedural colliders only),Blocked: licence unverified
AST-0177,Pan,food,public/assets/glb/food/pan.glb,unknown,unknown,unknown,Unverified,Unverified,236,external: Textures/colormap.png,none,not wired (procedural colliders only),Blocked: licence unverified
AST-0178,Pancakes,food,public/assets/glb/food/pancakes.glb,unknown,unknown,unknown,Unverified,Unverified,512,external: Textures/colormap.png,none,not wired (procedural colliders only),Blocked: licence unverified
AST-0179,Paprika Slice,food,public/assets/glb/food/paprika-slice.glb,unknown,unknown,unknown,Unverified,Unverified,96,external: Textures/colormap.png,none,not wired (procedural colliders only),Blocked: licence unverified
AST-0180,Paprika,food,public/assets/glb/food/paprika.glb,unknown,unknown,unknown,Unverified,Unverified,132,external: Textures/colormap.png,none,not wired (procedural colliders only),Blocked: licence unverified
AST-0181,Peanut Butter,food,public/assets/glb/food/peanut-butter.glb,unknown,unknown,unknown,Unverified,Unverified,172,external: Textures/colormap.png,none,not wired (procedural colliders only),Blocked: licence unverified
AST-0182,Pear Half,food,public/assets/glb/food/pear-half.glb,unknown,unknown,unknown,Unverified,Unverified,126,external: Textures/colormap.png,none,not wired (procedural colliders only),Blocked: licence unverified
AST-0183,Pear,food,public/assets/glb/food/pear.glb,unknown,unknown,unknown,Unverified,Unverified,136,external: Textures/colormap.png,none,not wired (procedural colliders only),Blocked: licence unverified
AST-0184,Pepper Mill,food,public/assets/glb/food/pepper-mill.glb,unknown,unknown,unknown,Unverified,Unverified,252,external: Textures/colormap.png,none,not wired (procedural colliders only),Blocked: licence unverified
AST-0185,Pepper,food,public/assets/glb/food/pepper.glb,unknown,unknown,unknown,Unverified,Unverified,100,external: Textures/colormap.png,none,not wired (procedural colliders only),Blocked: licence unverified
AST-0186,Pie,food,public/assets/glb/food/pie.glb,unknown,unknown,unknown,Unverified,Unverified,292,external: Textures/colormap.png,none,not wired (procedural colliders only),Blocked: licence unverified
AST-0187,Pineapple,food,public/assets/glb/food/pineapple.glb,unknown,unknown,unknown,Unverified,Unverified,196,external: Textures/colormap.png,none,not wired (procedural colliders only),Blocked: licence unverified
AST-0188,Pizza Box,food,public/assets/glb/food/pizza-box.glb,unknown,unknown,unknown,Unverified,Unverified,84,external: Textures/colormap.png,none,not wired (procedural colliders only),Blocked: licence unverified
AST-0189,Pizza Cutter,food,public/assets/glb/food/pizza-cutter.glb,unknown,unknown,unknown,Unverified,Unverified,96,external: Textures/colormap.png,none,not wired (procedural colliders only),Blocked: licence unverified
AST-0190,Pizza,food,public/assets/glb/food/pizza.glb,unknown,unknown,unknown,Unverified,Unverified,1208,external: Textures/colormap.png,none,not wired (procedural colliders only),Blocked: licence unverified
AST-0191,Plate Broken,food,public/assets/glb/food/plate-broken.glb,unknown,unknown,unknown,Unverified,Unverified,336,external: Textures/colormap.png,none,not wired (procedural colliders only),Blocked: licence unverified
AST-0192,Plate Deep,food,public/assets/glb/food/plate-deep.glb,unknown,unknown,unknown,Unverified,Unverified,140,external: Textures/colormap.png,none,not wired (procedural colliders only),Blocked: licence unverified
AST-0193,Plate Dinner,food,public/assets/glb/food/plate-dinner.glb,unknown,unknown,unknown,Unverified,Unverified,354,external: Textures/colormap.png,none,not wired (procedural colliders only),Blocked: licence unverified
AST-0194,Plate Rectangle,food,public/assets/glb/food/plate-rectangle.glb,unknown,unknown,unknown,Unverified,Unverified,68,external: Textures/colormap.png,none,not wired (procedural colliders only),Blocked: licence unverified
AST-0195,Plate Sauerkraut,food,public/assets/glb/food/plate-sauerkraut.glb,unknown,unknown,unknown,Unverified,Unverified,580,external: Textures/colormap.png,none,not wired (procedural colliders only),Blocked: licence unverified
AST-0196,Plate,food,public/assets/glb/food/plate.glb,unknown,unknown,unknown,Unverified,Unverified,140,external: Textures/colormap.png,none,not wired (procedural colliders only),Blocked: licence unverified
AST-0197,Popsicle Chocolate,food,public/assets/glb/food/popsicle-chocolate.glb,unknown,unknown,unknown,Unverified,Unverified,132,external: Textures/colormap.png,none,not wired (procedural colliders only),Blocked: licence unverified
AST-0198,Popsicle Stick,food,public/assets/glb/food/popsicle-stick.glb,unknown,unknown,unknown,Unverified,Unverified,36,external: Textures/colormap.png,none,not wired (procedural colliders only),Blocked: licence unverified
AST-0199,Popsicle,food,public/assets/glb/food/popsicle.glb,unknown,unknown,unknown,Unverified,Unverified,78,external: Textures/colormap.png,none,not wired (procedural colliders only),Blocked: licence unverified
AST-0200,Pot Lid,food,public/assets/glb/food/pot-lid.glb,unknown,unknown,unknown,Unverified,Unverified,132,external: Textures/colormap.png,none,not wired (procedural colliders only),Blocked: licence unverified
AST-0201,Pot Stew Lid,food,public/assets/glb/food/pot-stew-lid.glb,unknown,unknown,unknown,Unverified,Unverified,176,external: Textures/colormap.png,none,not wired (procedural colliders only),Blocked: licence unverified
AST-0202,Pot Stew,food,public/assets/glb/food/pot-stew.glb,unknown,unknown,unknown,Unverified,Unverified,370,external: Textures/colormap.png,none,not wired (procedural colliders only),Blocked: licence unverified
AST-0203,Pot,food,public/assets/glb/food/pot.glb,unknown,unknown,unknown,Unverified,Unverified,228,external: Textures/colormap.png,none,not wired (procedural colliders only),Blocked: licence unverified
AST-0204,Pudding,food,public/assets/glb/food/pudding.glb,unknown,unknown,unknown,Unverified,Unverified,56,external: Textures/colormap.png,none,not wired (procedural colliders only),Blocked: licence unverified
AST-0205,Pumpkin Basic,food,public/assets/glb/food/pumpkin-basic.glb,unknown,unknown,unknown,Unverified,Unverified,80,external: Textures/colormap.png,none,not wired (procedural colliders only),Blocked: licence unverified
AST-0206,Pumpkin,food,public/assets/glb/food/pumpkin.glb,unknown,unknown,unknown,Unverified,Unverified,188,external: Textures/colormap.png,none,not wired (procedural colliders only),Blocked: licence unverified
AST-0207,Radish,food,public/assets/glb/food/radish.glb,unknown,unknown,unknown,Unverified,Unverified,166,external: Textures/colormap.png,none,not wired (procedural colliders only),Blocked: licence unverified
AST-0208,Rice Ball,food,public/assets/glb/food/rice-ball.glb,unknown,unknown,unknown,Unverified,Unverified,104,external: Textures/colormap.png,none,not wired (procedural colliders only),Blocked: licence unverified
AST-0209,Rollingpin,food,public/assets/glb/food/rollingPin.glb,unknown,unknown,unknown,Unverified,Unverified,140,external: Textures/colormap.png,none,not wired (procedural colliders only),Blocked: licence unverified
AST-0210,Salad,food,public/assets/glb/food/salad.glb,unknown,unknown,unknown,Unverified,Unverified,170,external: Textures/colormap.png,none,not wired (procedural colliders only),Blocked: licence unverified
AST-0211,Sandwich,food,public/assets/glb/food/sandwich.glb,unknown,unknown,unknown,Unverified,Unverified,176,external: Textures/colormap.png,none,not wired (procedural colliders only),Blocked: licence unverified
AST-0212,Sausage Half,food,public/assets/glb/food/sausage-half.glb,unknown,unknown,unknown,Unverified,Unverified,100,external: Textures/colormap.png,none,not wired (procedural colliders only),Blocked: licence unverified
AST-0213,Sausage,food,public/assets/glb/food/sausage.glb,unknown,unknown,unknown,Unverified,Unverified,92,external: Textures/colormap.png,none,not wired (procedural colliders only),Blocked: licence unverified
AST-0214,Shaker Pepper,food,public/assets/glb/food/shaker-pepper.glb,unknown,unknown,unknown,Unverified,Unverified,116,external: Textures/colormap.png,none,not wired (procedural colliders only),Blocked: licence unverified
AST-0215,Shaker Salt,food,public/assets/glb/food/shaker-salt.glb,unknown,unknown,unknown,Unverified,Unverified,116,external: Textures/colormap.png,none,not wired (procedural colliders only),Blocked: licence unverified
AST-0216,Skewer Vegetables,food,public/assets/glb/food/skewer-vegetables.glb,unknown,unknown,unknown,Unverified,Unverified,156,external: Textures/colormap.png,none,not wired (procedural colliders only),Blocked: licence unverified
AST-0217,Skewer,food,public/assets/glb/food/skewer.glb,unknown,unknown,unknown,Unverified,Unverified,116,external: Textures/colormap.png,none,not wired (procedural colliders only),Blocked: licence unverified
AST-0218,Soda Bottle,food,public/assets/glb/food/soda-bottle.glb,unknown,unknown,unknown,Unverified,Unverified,100,external: Textures/colormap.png,none,not wired (procedural colliders only),Blocked: licence unverified
AST-0219,Soda Can Crushed,food,public/assets/glb/food/soda-can-crushed.glb,unknown,unknown,unknown,Unverified,Unverified,212,external: Textures/colormap.png,none,not wired (procedural colliders only),Blocked: licence unverified
AST-0220,Soda Can,food,public/assets/glb/food/soda-can.glb,unknown,unknown,unknown,Unverified,Unverified,164,external: Textures/colormap.png,none,not wired (procedural colliders only),Blocked: licence unverified
AST-0221,Soda Glass,food,public/assets/glb/food/soda-glass.glb,unknown,unknown,unknown,Unverified,Unverified,124,external: Textures/colormap.png,none,not wired (procedural colliders only),Blocked: licence unverified
AST-0222,Soda,food,public/assets/glb/food/soda.glb,unknown,unknown,unknown,Unverified,Unverified,188,external: Textures/colormap.png,none,not wired (procedural colliders only),Blocked: licence unverified
AST-0223,Soy,food,public/assets/glb/food/soy.glb,unknown,unknown,unknown,Unverified,Unverified,68,external: Textures/colormap.png,none,not wired (procedural colliders only),Blocked: licence unverified
AST-0224,Steamer,food,public/assets/glb/food/steamer.glb,unknown,unknown,unknown,Unverified,Unverified,492,external: Textures/colormap.png,none,not wired (procedural colliders only),Blocked: licence unverified
AST-0225,Strawberry,food,public/assets/glb/food/strawberry.glb,unknown,unknown,unknown,Unverified,Unverified,156,external: Textures/colormap.png,none,not wired (procedural colliders only),Blocked: licence unverified
AST-0226,Styrofoam Dinner,food,public/assets/glb/food/styrofoam-dinner.glb,unknown,unknown,unknown,Unverified,Unverified,240,external: Textures/colormap.png,none,not wired (procedural colliders only),Blocked: licence unverified
AST-0227,Styrofoam,food,public/assets/glb/food/styrofoam.glb,unknown,unknown,unknown,Unverified,Unverified,152,external: Textures/colormap.png,none,not wired (procedural colliders only),Blocked: licence unverified
AST-0228,Sub,food,public/assets/glb/food/sub.glb,unknown,unknown,unknown,Unverified,Unverified,574,external: Textures/colormap.png,none,not wired (procedural colliders only),Blocked: licence unverified
AST-0229,Sundae,food,public/assets/glb/food/sundae.glb,unknown,unknown,unknown,Unverified,Unverified,316,external: Textures/colormap.png,none,not wired (procedural colliders only),Blocked: licence unverified
AST-0230,Sushi Egg,food,public/assets/glb/food/sushi-egg.glb,unknown,unknown,unknown,Unverified,Unverified,78,external: Textures/colormap.png,none,not wired (procedural colliders only),Blocked: licence unverified
AST-0231,Sushi Salmon,food,public/assets/glb/food/sushi-salmon.glb,unknown,unknown,unknown,Unverified,Unverified,96,external: Textures/colormap.png,none,not wired (procedural colliders only),Blocked: licence unverified
AST-0232,Taco,food,public/assets/glb/food/taco.glb,unknown,unknown,unknown,Unverified,Unverified,174,external: Textures/colormap.png,none,not wired (procedural colliders only),Blocked: licence unverified
AST-0233,Tajine Lid,food,public/assets/glb/food/tajine-lid.glb,unknown,unknown,unknown,Unverified,Unverified,136,external: Textures/colormap.png,none,not wired (procedural colliders only),Blocked: licence unverified
AST-0234,Tajine,food,public/assets/glb/food/tajine.glb,unknown,unknown,unknown,Unverified,Unverified,164,external: Textures/colormap.png,none,not wired (procedural colliders only),Blocked: licence unverified
AST-0235,Tomato Slice,food,public/assets/glb/food/tomato-slice.glb,unknown,unknown,unknown,Unverified,Unverified,140,external: Textures/colormap.png,none,not wired (procedural colliders only),Blocked: licence unverified
AST-0236,Tomato,food,public/assets/glb/food/tomato.glb,unknown,unknown,unknown,Unverified,Unverified,132,external: Textures/colormap.png,none,not wired (procedural colliders only),Blocked: licence unverified
AST-0237,Turkey,food,public/assets/glb/food/turkey.glb,unknown,unknown,unknown,Unverified,Unverified,368,external: Textures/colormap.png,none,not wired (procedural colliders only),Blocked: licence unverified
AST-0238,Utensil Fork,food,public/assets/glb/food/utensil-fork.glb,unknown,unknown,unknown,Unverified,Unverified,44,external: Textures/colormap.png,none,not wired (procedural colliders only),Blocked: licence unverified
AST-0239,Utensil Knife,food,public/assets/glb/food/utensil-knife.glb,unknown,unknown,unknown,Unverified,Unverified,18,external: Textures/colormap.png,none,not wired (procedural colliders only),Blocked: licence unverified
AST-0240,Utensil Spoon,food,public/assets/glb/food/utensil-spoon.glb,unknown,unknown,unknown,Unverified,Unverified,46,external: Textures/colormap.png,none,not wired (procedural colliders only),Blocked: licence unverified
AST-0241,Waffle,food,public/assets/glb/food/waffle.glb,unknown,unknown,unknown,Unverified,Unverified,588,external: Textures/colormap.png,none,not wired (procedural colliders only),Blocked: licence unverified
AST-0242,Watermelon,food,public/assets/glb/food/watermelon.glb,unknown,unknown,unknown,Unverified,Unverified,1376,external: Textures/colormap.png,none,not wired (procedural colliders only),Blocked: licence unverified
AST-0243,Whipped Cream,food,public/assets/glb/food/whipped-cream.glb,unknown,unknown,unknown,Unverified,Unverified,80,external: Textures/colormap.png,none,not wired (procedural colliders only),Blocked: licence unverified
AST-0244,Whisk,food,public/assets/glb/food/whisk.glb,unknown,unknown,unknown,Unverified,Unverified,150,external: Textures/colormap.png,none,not wired (procedural colliders only),Blocked: licence unverified
AST-0245,Whole Ham,food,public/assets/glb/food/whole-ham.glb,unknown,unknown,unknown,Unverified,Unverified,128,external: Textures/colormap.png,none,not wired (procedural colliders only),Blocked: licence unverified
AST-0246,Wholer Ham,food,public/assets/glb/food/wholer-ham.glb,unknown,unknown,unknown,Unverified,Unverified,116,external: Textures/colormap.png,none,not wired (procedural colliders only),Blocked: licence unverified
AST-0247,Wine Red,food,public/assets/glb/food/wine-red.glb,unknown,unknown,unknown,Unverified,Unverified,132,external: Textures/colormap.png,none,not wired (procedural colliders only),Blocked: licence unverified
AST-0248,Wine White,food,public/assets/glb/food/wine-white.glb,unknown,unknown,unknown,Unverified,Unverified,124,external: Textures/colormap.png,none,not wired (procedural colliders only),Blocked: licence unverified
AST-0249,"Chair, table, wardrobe, suitcase furniture",furniture,public/assets/glb/furniture/chair_table_wardrobe_suitcase_furniture.glb,mikurban,https://sketchfab.com/3d-models/chair-table-wardrobe-suitcase-furniture-779508b3e7d64fe3a7eed7be5037534f,CC-BY-4.0,Yes,Yes,154062,none (flat colours),none,not wired (procedural colliders only),OK — licence verified via Sketchfab API 2026-10-08
AST-0250,Furniture set,furniture,public/assets/glb/furniture/furniture_set.glb,Peter.Nox,https://sketchfab.com/3d-models/furniture-set-09b8b458fbad4986b6fd44698f5bc6dc,CC-BY-4.0,Yes,Yes,17877,embedded (3),none,not wired (procedural colliders only),OK — licence verified via Sketchfab API 2026-10-08
AST-0251,some furniture,furniture,public/assets/glb/furniture/some_furniture.glb,AtTheSpeedOf,https://sketchfab.com/3d-models/some-furniture-403f2737ce9e466092242169a813676d,CC-BY-4.0,Yes,Yes,10980,embedded (9),none,not wired (procedural colliders only),OK — licence verified via Sketchfab API 2026-10-08
AST-0252,cinema/movie theater_[seat],interior,public/assets/glb/interior/cinemamovie_theater_seat.glb,yuuuusukeeee,https://sketchfab.com/3d-models/cinemamovie-theater-seat-b8bcabfa355d4137910ef2e45b56b9bc,CC-BY-4.0,Yes,Yes,5820,none (flat colours),none,not wired (procedural colliders only),OK — licence verified via Sketchfab API 2026-10-08
AST-0253,House_[1F interior],interior,public/assets/glb/interior/house_1f_interior.glb,yuuuusukeeee,https://sketchfab.com/3d-models/house-1f-interior-160df5b536274da5805ed969aea8afc2,CC-BY-4.0,Yes,Yes,74824,embedded (2),none,not wired (procedural colliders only),OK — licence verified via Sketchfab API 2026-10-08
AST-0254,Room_[apartment_furniture],interior,public/assets/glb/interior/room_apartment_furniture.glb,yuuuusukeeee,https://sketchfab.com/3d-models/room-apartment-furniture-1b5e5528de8f4b65a0eac856317c71f6,CC-BY-4.0,Yes,Yes,103228,embedded (2),none,not wired (procedural colliders only),OK — licence verified via Sketchfab API 2026-10-08
AST-0255,Room_[bathroom],interior,public/assets/glb/interior/room_bathroom.glb,yuuuusukeeee,https://sketchfab.com/3d-models/room-bathroom-3009212ea2fd464dbf8dfffa1051798d,CC-BY-4.0,Yes,Yes,12606,none (flat colours),none,not wired (procedural colliders only),OK — licence verified via Sketchfab API 2026-10-08
AST-0256,Cat Market,market,public/assets/glb/markets/cat-market/cat_market.glb,KrisBer,https://sketchfab.com/3d-models/cat-market-bb814de0b37144fe8926b06ad14bef59,CC-BY-4.0,Yes,Yes,40691,embedded (19),none,not wired (procedural colliders only),OK — licence verified via Sketchfab API 2026-10-08
AST-0257,Chinese market,market,public/assets/glb/markets/chinese-market/chinese_market.glb,Katydid.,https://sketchfab.com/3d-models/chinese-market-74ce2820d1024d6e90c9cc5001ea1983,Free Standard,Unverified,Unverified,70358,embedded (41),none,not wired (procedural colliders only),Blocked: licence unverified
AST-0258,Mini Market,market,public/assets/glb/markets/mini-market/mini_market.glb,Elbolilloduro,https://sketchfab.com/3d-models/mini-market-725af75672704fc599a692d64e946475,CC-BY-4.0,Yes,Yes,15859,embedded (43),none,not wired (procedural colliders only),OK — licence verified via Sketchfab API 2026-10-08
AST-0259,SUPPER MARKET,market,public/assets/glb/markets/super-market/super_market.glb,bunlypich,https://sketchfab.com/3d-models/supper-market-74e53463fdb54927be09771091d37dad,CC-BY-4.0,Yes,Yes,396851,embedded (10),none,not wired (procedural colliders only),OK — licence verified via Sketchfab API 2026-10-08
AST-0260,Plastic Water Bottle,prop,public/assets/glb/props/plastic_water_bottle.glb,JeremyGrayson,https://sketchfab.com/3d-models/plastic-water-bottle-efa1c4c1f2a947659ded2e61e20eff31,CC-BY-4.0,Yes,Yes,10296,none (flat colours),none,not wired (procedural colliders only),OK — licence verified via Sketchfab API 2026-10-08
AST-0261,Residential Furniture (model-home diorama),residential diorama,public/assets/glb/residential/scene.gltf,ATD-London,https://sketchfab.com/3d-models/residential-furniture-622e5089f251459fb8fc321646432e22,CC-BY-4.0,Yes,Yes,—,—,none,not wired (procedural colliders only),Blocked: broken asset — referenced scene.bin missing (cannot load)
AST-0262,Retro Anime Vintage Volkswagen Van,vehicle,public/assets/glb/vehicles/retro_anime_vintage_volkswagen_van.glb,jungle_jim,https://sketchfab.com/3d-models/retro-anime-vintage-volkswagen-van-5772dc675e5347e09979998bfcf54938,CC-BY-4.0,Yes,Yes,50000,embedded (1),none,not wired (procedural colliders only),OK — licence verified via Sketchfab API 2026-10-08
AST-0263,Small Van,vehicle,public/assets/glb/vehicles/small_van.glb,Nirmal.Justin,https://sketchfab.com/3d-models/small-van-e2427c68f2f14b1aa4abe104cfad6496,CC-BY-4.0,Yes,Yes,3608,embedded (1),none,not wired (procedural colliders only),OK — licence verified via Sketchfab API 2026-10-08
AST-0264,Gas Station,house (OBJ),public/assets/obj/houses/gas-station.mtl,unknown,unknown,unknown,Unverified,Unverified,—,material defs,—,—,Blocked: licence unverified
AST-0265,Gas Station,house (OBJ),public/assets/obj/houses/gas-station.obj,unknown,unknown,unknown,Unverified,Unverified,304,external (via .mtl),none,not wired (procedural colliders only),Blocked: licence unverified
AST-0266,House Country,house (OBJ),public/assets/obj/houses/house-country.mtl,unknown,unknown,unknown,Unverified,Unverified,—,material defs,—,—,Blocked: licence unverified
AST-0267,House Country,house (OBJ),public/assets/obj/houses/house-country.obj,unknown,unknown,unknown,Unverified,Unverified,293,external (via .mtl),none,not wired (procedural colliders only),Blocked: licence unverified
AST-0268,House Hill Normal,house (OBJ),public/assets/obj/houses/house-hill-normal.mtl,unknown,unknown,unknown,Unverified,Unverified,—,material defs,—,—,Blocked: licence unverified
AST-0269,House Hill Normal,house (OBJ),public/assets/obj/houses/house-hill-normal.obj,unknown,unknown,unknown,Unverified,Unverified,376,external (via .mtl),none,not wired (procedural colliders only),Blocked: licence unverified
AST-0270,House Hill Small,house (OBJ),public/assets/obj/houses/house-hill-small.mtl,unknown,unknown,unknown,Unverified,Unverified,—,material defs,—,—,Blocked: licence unverified
AST-0271,House Hill Small,house (OBJ),public/assets/obj/houses/house-hill-small.obj,unknown,unknown,unknown,Unverified,Unverified,324,external (via .mtl),none,not wired (procedural colliders only),Blocked: licence unverified
AST-0272,House Luxurious,house (OBJ),public/assets/obj/houses/house-luxurious.mtl,unknown,unknown,unknown,Unverified,Unverified,—,material defs,—,—,Blocked: licence unverified
AST-0273,House Luxurious,house (OBJ),public/assets/obj/houses/house-luxurious.obj,unknown,unknown,unknown,Unverified,Unverified,720,external (via .mtl),none,not wired (procedural colliders only),Blocked: licence unverified
AST-0274,House Mid,house (OBJ),public/assets/obj/houses/house-mid.mtl,unknown,unknown,unknown,Unverified,Unverified,—,material defs,—,—,Blocked: licence unverified
AST-0275,House Mid,house (OBJ),public/assets/obj/houses/house-mid.obj,unknown,unknown,unknown,Unverified,Unverified,355,external (via .mtl),none,not wired (procedural colliders only),Blocked: licence unverified
AST-0276,House Modern,house (OBJ),public/assets/obj/houses/house-modern.mtl,unknown,unknown,unknown,Unverified,Unverified,—,material defs,—,—,Blocked: licence unverified
AST-0277,House Modern,house (OBJ),public/assets/obj/houses/house-modern.obj,unknown,unknown,unknown,Unverified,Unverified,372,external (via .mtl),none,not wired (procedural colliders only),Blocked: licence unverified
AST-0278,House Small Carport Left,house (OBJ),public/assets/obj/houses/house-small-carport-left.mtl,unknown,unknown,unknown,Unverified,Unverified,—,material defs,—,—,Blocked: licence unverified
AST-0279,House Small Carport Left,house (OBJ),public/assets/obj/houses/house-small-carport-left.obj,unknown,unknown,unknown,Unverified,Unverified,487,external (via .mtl),none,not wired (procedural colliders only),Blocked: licence unverified
AST-0280,House Small Carport Right,house (OBJ),public/assets/obj/houses/house-small-carport-right.mtl,unknown,unknown,unknown,Unverified,Unverified,—,material defs,—,—,Blocked: licence unverified
AST-0281,House Small Carport Right,house (OBJ),public/assets/obj/houses/house-small-carport-right.obj,unknown,unknown,unknown,Unverified,Unverified,487,external (via .mtl),none,not wired (procedural colliders only),Blocked: licence unverified
AST-0282,House Small Garage,house (OBJ),public/assets/obj/houses/house-small-garage.mtl,unknown,unknown,unknown,Unverified,Unverified,—,material defs,—,—,Blocked: licence unverified
AST-0283,House Small Garage,house (OBJ),public/assets/obj/houses/house-small-garage.obj,unknown,unknown,unknown,Unverified,Unverified,419,external (via .mtl),none,not wired (procedural colliders only),Blocked: licence unverified
AST-0284,House Small.2,house (OBJ),public/assets/obj/houses/house-small.2.mtl,unknown,unknown,unknown,Unverified,Unverified,—,material defs,—,—,Blocked: licence unverified
AST-0285,House Small.2,house (OBJ),public/assets/obj/houses/house-small.2.obj,unknown,unknown,unknown,Unverified,Unverified,298,external (via .mtl),none,not wired (procedural colliders only),Blocked: licence unverified
AST-0286,House Small,house (OBJ),public/assets/obj/houses/house-small.mtl,unknown,unknown,unknown,Unverified,Unverified,—,material defs,—,—,Blocked: licence unverified
AST-0287,House Small,house (OBJ),public/assets/obj/houses/house-small.obj,unknown,unknown,unknown,Unverified,Unverified,297,external (via .mtl),none,not wired (procedural colliders only),Blocked: licence unverified
AST-0288,Road Straight House 1 Low,house (OBJ),public/assets/obj/houses/road-straight-house-1-low.mtl,unknown,unknown,unknown,Unverified,Unverified,—,material defs,—,—,Blocked: licence unverified
AST-0289,Road Straight House 1 Low,house (OBJ),public/assets/obj/houses/road-straight-house-1-low.obj,unknown,unknown,unknown,Unverified,Unverified,130,external (via .mtl),none,not wired (procedural colliders only),Blocked: licence unverified
AST-0290,Road Straight House 2 Low,house (OBJ),public/assets/obj/houses/road-straight-house-2-low.mtl,unknown,unknown,unknown,Unverified,Unverified,—,material defs,—,—,Blocked: licence unverified
AST-0291,Road Straight House 2 Low,house (OBJ),public/assets/obj/houses/road-straight-house-2-low.obj,unknown,unknown,unknown,Unverified,Unverified,114,external (via .mtl),none,not wired (procedural colliders only),Blocked: licence unverified
AST-0292,Building Office Small,landscape building (OBJ),public/assets/obj/landscape/building-office-small.mtl,unknown,unknown,unknown,Unverified,Unverified,—,material defs,—,—,Blocked: licence unverified
AST-0293,Building Office Small,landscape building (OBJ),public/assets/obj/landscape/building-office-small.obj,unknown,unknown,unknown,Unverified,Unverified,564,external (via .mtl),none,not wired (procedural colliders only),Blocked: licence unverified
