path,size_bytes,ref_src,ref_entry_configs,ref_tests,ref_scripts,ref_docs_or_ledger,ref_salvage,embedded_provenance,licence_verdict,action
public/assets/README.md,472,yes,,,,yes,yes,,N/A,"KEEP (directory charter doc, not an asset)"
public/assets/fbx/farm/FarmDiffuseMap.png,1582942,,,,,yes,,,"UNKNOWN — no embedded provenance, not in ledger",DELETE (unreferenced by runtime code)
public/assets/fbx/farm/farm2_textured.FBX,63872,,,,,yes,,,"UNKNOWN — FBX SDK creator only, no artist/licence, not in ledger",DELETE (unreferenced by runtime code)
public/assets/fbx/trees/Bush_temp_climate_001.fbx,23596,,,,,yes,,,"UNKNOWN — FBX SDK creator only, no artist/licence, not in ledger",DELETE (unreferenced by runtime code)
public/assets/fbx/trees/Bush_temp_climate_002.fbx,27356,,,,,yes,,,"UNKNOWN — FBX SDK creator only, no artist/licence, not in ledger",DELETE (unreferenced by runtime code)
public/assets/fbx/trees/Bush_temp_climate_003.fbx,24012,,,,,yes,,,"UNKNOWN — FBX SDK creator only, no artist/licence, not in ledger",DELETE (unreferenced by runtime code)
public/assets/fbx/trees/Bush_temp_climate_004.fbx,26796,,,,,yes,,,"UNKNOWN — FBX SDK creator only, no artist/licence, not in ledger",DELETE (unreferenced by runtime code)
public/assets/fbx/trees/Bush_temp_climate_005.fbx,26076,,,,,yes,,,"UNKNOWN — FBX SDK creator only, no artist/licence, not in ledger",DELETE (unreferenced by runtime code)
public/assets/fbx/trees/Bush_temp_climate_006.fbx,26124,,,,,yes,,,"UNKNOWN — FBX SDK creator only, no artist/licence, not in ledger",DELETE (unreferenced by runtime code)
public/assets/fbx/trees/Bush_temp_climate_007.fbx,24076,,,,,yes,,,"UNKNOWN — FBX SDK creator only, no artist/licence, not in ledger",DELETE (unreferenced by runtime code)
public/assets/fbx/trees/Bush_temp_climate_008.fbx,20076,,,,,yes,,,"UNKNOWN — FBX SDK creator only, no artist/licence, not in ledger",DELETE (unreferenced by runtime code)
public/assets/fbx/trees/Bush_temp_climate_009.fbx,24108,,,,,yes,,,"UNKNOWN — FBX SDK creator only, no artist/licence, not in ledger",DELETE (unreferenced by runtime code)
public/assets/fbx/trees/Bush_temp_climate_010.fbx,26972,,,,,yes,,,"UNKNOWN — FBX SDK creator only, no artist/licence, not in ledger",DELETE (unreferenced by runtime code)
public/assets/fbx/trees/Bush_temp_climate_011.fbx,22316,,,,,yes,,,"UNKNOWN — FBX SDK creator only, no artist/licence, not in ledger",DELETE (unreferenced by runtime code)
public/assets/fbx/trees/Bush_temp_climate_012.fbx,21788,,,,,yes,,,"UNKNOWN — FBX SDK creator only, no artist/licence, not in ledger",DELETE (unreferenced by runtime code)
public/assets/fbx/trees/Bush_temp_climate_013.fbx,22204,,,,,yes,,,"UNKNOWN — FBX SDK creator only, no artist/licence, not in ledger",DELETE (unreferenced by runtime code)
public/assets/fbx/trees/T_Bush_temp_climate.png,4657,,,,,yes,,,"UNKNOWN — no embedded provenance, not in ledger",DELETE (unreferenced by runtime code)
public/assets/fbx/trees/T_Trees_temp_climate.png,7892,,,,,yes,,,"UNKNOWN — no embedded provenance, not in ledger",DELETE (unreferenced by runtime code)
public/assets/fbx/trees/Tree_temp_climate_001.FBX,40384,,,,,yes,,,"UNKNOWN — FBX SDK creator only, no artist/licence, not in ledger",DELETE (unreferenced by runtime code)
public/assets/fbx/trees/Tree_temp_climate_002.FBX,33056,,,,,yes,,,"UNKNOWN — FBX SDK creator only, no artist/licence, not in ledger",DELETE (unreferenced by runtime code)
public/assets/fbx/trees/Tree_temp_climate_003.FBX,42336,,,,,yes,,,"UNKNOWN — FBX SDK creator only, no artist/licence, not in ledger",DELETE (unreferenced by runtime code)
public/assets/fbx/trees/Tree_temp_climate_004.FBX,27584,,,,,yes,,,"UNKNOWN — FBX SDK creator only, no artist/licence, not in ledger",DELETE (unreferenced by runtime code)
public/assets/fbx/trees/Tree_temp_climate_005.FBX,38448,,,,,yes,,,"UNKNOWN — FBX SDK creator only, no artist/licence, not in ledger",DELETE (unreferenced by runtime code)
public/assets/fbx/trees/Tree_temp_climate_006.FBX,33392,,,,,yes,,,"UNKNOWN — FBX SDK creator only, no artist/licence, not in ledger",DELETE (unreferenced by runtime code)
public/assets/fbx/trees/Tree_temp_climate_007.FBX,39168,,,,,yes,,,"UNKNOWN — FBX SDK creator only, no artist/licence, not in ledger",DELETE (unreferenced by runtime code)
public/assets/fbx/trees/Tree_temp_climate_008.FBX,38688,,,,,yes,,,"UNKNOWN — FBX SDK creator only, no artist/licence, not in ledger",DELETE (unreferenced by runtime code)
public/assets/fbx/trees/Tree_temp_climate_009.FBX,44672,,,,,yes,,,"UNKNOWN — FBX SDK creator only, no artist/licence, not in ledger",DELETE (unreferenced by runtime code)
public/assets/fbx/trees/Tree_temp_climate_010.FBX,44656,,,,,yes,,,"UNKNOWN — FBX SDK creator only, no artist/licence, not in ledger",DELETE (unreferenced by runtime code)
public/assets/fbx/trees/Tree_temp_climate_011.FBX,35760,,,,,yes,,,"UNKNOWN — FBX SDK creator only, no artist/licence, not in ledger",DELETE (unreferenced by runtime code)
public/assets/fbx/trees/Tree_temp_climate_012.FBX,31920,,,,,yes,,,"UNKNOWN — FBX SDK creator only, no artist/licence, not in ledger",DELETE (unreferenced by runtime code)
public/assets/fbx/trees/Tree_temp_climate_013.FBX,33456,,,,,yes,,,"UNKNOWN — FBX SDK creator only, no artist/licence, not in ledger",DELETE (unreferenced by runtime code)
public/assets/fbx/trees/Tree_temp_climate_014.FBX,26032,,,,,yes,,,"UNKNOWN — FBX SDK creator only, no artist/licence, not in ledger",DELETE (unreferenced by runtime code)
public/assets/fbx/trees/Tree_temp_climate_015.FBX,51808,,,,,yes,,,"UNKNOWN — FBX SDK creator only, no artist/licence, not in ledger",DELETE (unreferenced by runtime code)
public/assets/fbx/trees/Tree_temp_climate_016.FBX,41184,,,,,yes,,,"UNKNOWN — FBX SDK creator only, no artist/licence, not in ledger",DELETE (unreferenced by runtime code)
public/assets/fbx/trees/Tree_temp_climate_017.FBX,34192,,,,,yes,,,"UNKNOWN — FBX SDK creator only, no artist/licence, not in ledger",DELETE (unreferenced by runtime code)
public/assets/fbx/trees/Tree_temp_climate_018.FBX,30880,,,,,yes,,,"UNKNOWN — FBX SDK creator only, no artist/licence, not in ledger",DELETE (unreferenced by runtime code)
public/assets/fbx/trees/Tree_temp_climate_019.FBX,35440,,,,,yes,,,"UNKNOWN — FBX SDK creator only, no artist/licence, not in ledger",DELETE (unreferenced by runtime code)
public/assets/fbx/trees/Tree_temp_climate_020.FBX,37328,,,,,yes,,,"UNKNOWN — FBX SDK creator only, no artist/licence, not in ledger",DELETE (unreferenced by runtime code)
public/assets/fbx/trees/Tree_temp_climate_021.FBX,31344,,,,,yes,,,"UNKNOWN — FBX SDK creator only, no artist/licence, not in ledger",DELETE (unreferenced by runtime code)
public/assets/glb/beach/beach_ball.glb,116616,,,,,yes,,MaggaModels (https://sketchfab.com/MaggaModels) | CC-BY-4.0 (http://creativecommons.org/licenses/by/4.0/) | https://sketchfab.com/3d-models/beach-ball-25e1816c0e22444bb62816d3999d1b0b,KNOWN (embedded) — attribution required,DELETE (unreferenced by runtime code)
public/assets/glb/beach/beach_kit.glb,548308,,,,,yes,,Jungle Jim (https://sketchfab.com/jungle_jim) | CC-BY-4.0 (http://creativecommons.org/licenses/by/4.0/) | https://sketchfab.com/3d-models/beach-kit-6e0e5cc33a1542679f8383e9e260eb90,KNOWN (embedded) — attribution required,DELETE (unreferenced by runtime code)
public/assets/glb/beach/beach_reef.glb,963224,,,,,yes,,SibeYu (https://sketchfab.com/SibeYu) | CC-BY-4.0 (http://creativecommons.org/licenses/by/4.0/) | https://sketchfab.com/3d-models/beach-reef-5b2ee1922da846a9a6c3df4e5a8dfe43,KNOWN (embedded) — attribution required,DELETE (unreferenced by runtime code)
public/assets/glb/beach/beach_table.glb,101676,,,,,yes,,Jayson Stauffer (https://sketchfab.com/JaysonStauffer) | CC-BY-4.0 (http://creativecommons.org/licenses/by/4.0/) | https://sketchfab.com/3d-models/beach-table-e559392994e04527b3f5ee35a8c3c418,KNOWN (embedded) — attribution required,DELETE (unreferenced by runtime code)
public/assets/glb/buildings/building_office_room_curtain.glb,315088,,,,,yes,,yuuuusukeeee (https://sketchfab.com/yuuuusukeeee) | CC-BY-4.0 (http://creativecommons.org/licenses/by/4.0/) | https://sketchfab.com/3d-models/building-office-room-curtain-f4730125b3854cd4a5a70e59e369439d,KNOWN (embedded) — attribution required,DELETE (unreferenced by runtime code)
public/assets/glb/buildings/building_office_room_window.glb,312468,,,,,yes,,yuuuusukeeee (https://sketchfab.com/yuuuusukeeee) | CC-BY-4.0 (http://creativecommons.org/licenses/by/4.0/) | https://sketchfab.com/3d-models/building-office-room-window-60712a8a90cc4bf694a3a533eff582c5,KNOWN (embedded) — attribution required,DELETE (unreferenced by runtime code)
public/assets/glb/buildings/house_exterior.glb,373148,,,,,yes,,yuuuusukeeee (https://sketchfab.com/yuuuusukeeee) | CC-BY-4.0 (http://creativecommons.org/licenses/by/4.0/) | https://sketchfab.com/3d-models/house-exterior-7023194f8bb44f398329005a2848c8ae,KNOWN (embedded) — attribution required,DELETE (unreferenced by runtime code)
public/assets/glb/characters/sunset-walking-low-poly-girl-rigged/sunset_walking_low_poly_girl_rigged.glb,387092,,,,,yes,,micaelsampaio (https://sketchfab.com/micaelsampaio) | CC-BY-4.0 (http://creativecommons.org/licenses/by/4.0/) | https://sketchfab.com/3d-models/sunset-walking-low-poly-girl-rigged-341f934134d041c581b590cedff26d88,KNOWN (embedded) — attribution required,DELETE (unreferenced by runtime code)
public/assets/glb/food/Textures/colormap.png,10715,,,,,yes,,,"UNKNOWN — probable Kenney Food Kit (UnityGLTF export, colormap.png naming) but no embedded/recorded licence",DELETE (unreferenced by runtime code)
public/assets/glb/food/advocado-half.glb,11240,,,,,yes,,generator=UnityGLTF,"UNKNOWN — probable Kenney Food Kit (UnityGLTF export, colormap.png naming) but no embedded/recorded licence",DELETE (unreferenced by runtime code)
public/assets/glb/food/apple-half.glb,10948,,,,,yes,,generator=UnityGLTF,"UNKNOWN — probable Kenney Food Kit (UnityGLTF export, colormap.png naming) but no embedded/recorded licence",DELETE (unreferenced by runtime code)
public/assets/glb/food/apple.glb,14376,,,,,yes,,generator=UnityGLTF,"UNKNOWN — probable Kenney Food Kit (UnityGLTF export, colormap.png naming) but no embedded/recorded licence",DELETE (unreferenced by runtime code)
public/assets/glb/food/avocado.glb,6076,,,,,yes,,generator=UnityGLTF,"UNKNOWN — probable Kenney Food Kit (UnityGLTF export, colormap.png naming) but no embedded/recorded licence",DELETE (unreferenced by runtime code)
public/assets/glb/food/bacon-raw.glb,5708,,,,,yes,,generator=UnityGLTF,"UNKNOWN — probable Kenney Food Kit (UnityGLTF export, colormap.png naming) but no embedded/recorded licence",DELETE (unreferenced by runtime code)
public/assets/glb/food/bacon.glb,5696,,,,,yes,,generator=UnityGLTF,"UNKNOWN — probable Kenney Food Kit (UnityGLTF export, colormap.png naming) but no embedded/recorded licence",DELETE (unreferenced by runtime code)
public/assets/glb/food/bag-flat.glb,11280,,,,,yes,,generator=UnityGLTF,"UNKNOWN — probable Kenney Food Kit (UnityGLTF export, colormap.png naming) but no embedded/recorded licence",DELETE (unreferenced by runtime code)
public/assets/glb/food/bag.glb,6408,,,,,yes,,generator=UnityGLTF,"UNKNOWN — probable Kenney Food Kit (UnityGLTF export, colormap.png naming) but no embedded/recorded licence",DELETE (unreferenced by runtime code)
public/assets/glb/food/banana.glb,12348,,,,,yes,,generator=UnityGLTF,"UNKNOWN — probable Kenney Food Kit (UnityGLTF export, colormap.png naming) but no embedded/recorded licence",DELETE (unreferenced by runtime code)
public/assets/glb/food/barrel.glb,26812,,,,,yes,,generator=UnityGLTF,"UNKNOWN — probable Kenney Food Kit (UnityGLTF export, colormap.png naming) but no embedded/recorded licence",DELETE (unreferenced by runtime code)
public/assets/glb/food/beet.glb,10372,,,,,yes,,generator=UnityGLTF,"UNKNOWN — probable Kenney Food Kit (UnityGLTF export, colormap.png naming) but no embedded/recorded licence",DELETE (unreferenced by runtime code)
public/assets/glb/food/bottle-ketchup.glb,9620,,,,,yes,,generator=UnityGLTF,"UNKNOWN — probable Kenney Food Kit (UnityGLTF export, colormap.png naming) but no embedded/recorded licence",DELETE (unreferenced by runtime code)
public/assets/glb/food/bottle-musterd.glb,9620,,,,,yes,,generator=UnityGLTF,"UNKNOWN — probable Kenney Food Kit (UnityGLTF export, colormap.png naming) but no embedded/recorded licence",DELETE (unreferenced by runtime code)
public/assets/glb/food/bottle-oil.glb,10500,,,,,yes,,generator=UnityGLTF,"UNKNOWN — probable Kenney Food Kit (UnityGLTF export, colormap.png naming) but no embedded/recorded licence",DELETE (unreferenced by runtime code)
public/assets/glb/food/bowl-broth.glb,16628,,,,,yes,,generator=UnityGLTF,"UNKNOWN — probable Kenney Food Kit (UnityGLTF export, colormap.png naming) but no embedded/recorded licence",DELETE (unreferenced by runtime code)
public/assets/glb/food/bowl-cereal.glb,12468,,,,,yes,,generator=UnityGLTF,"UNKNOWN — probable Kenney Food Kit (UnityGLTF export, colormap.png naming) but no embedded/recorded licence",DELETE (unreferenced by runtime code)
public/assets/glb/food/bowl-soup.glb,11188,,,,,yes,,generator=UnityGLTF,"UNKNOWN — probable Kenney Food Kit (UnityGLTF export, colormap.png naming) but no embedded/recorded licence",DELETE (unreferenced by runtime code)
public/assets/glb/food/bowl.glb,6340,,,,,yes,,generator=UnityGLTF,"UNKNOWN — probable Kenney Food Kit (UnityGLTF export, colormap.png naming) but no embedded/recorded licence",DELETE (unreferenced by runtime code)
public/assets/glb/food/bread.glb,9468,,,,,yes,,generator=UnityGLTF,"UNKNOWN — probable Kenney Food Kit (UnityGLTF export, colormap.png naming) but no embedded/recorded licence",DELETE (unreferenced by runtime code)
public/assets/glb/food/broccoli.glb,20452,,,,,yes,,generator=UnityGLTF,"UNKNOWN — probable Kenney Food Kit (UnityGLTF export, colormap.png naming) but no embedded/recorded licence",DELETE (unreferenced by runtime code)
public/assets/glb/food/burger-cheese-double.glb,44420,,,,,yes,,generator=UnityGLTF,"UNKNOWN — probable Kenney Food Kit (UnityGLTF export, colormap.png naming) but no embedded/recorded licence",DELETE (unreferenced by runtime code)
public/assets/glb/food/burger-cheese.glb,25900,,,,,yes,,generator=UnityGLTF,"UNKNOWN — probable Kenney Food Kit (UnityGLTF export, colormap.png naming) but no embedded/recorded licence",DELETE (unreferenced by runtime code)
public/assets/glb/food/burger-double.glb,55692,,,,,yes,,generator=UnityGLTF,"UNKNOWN — probable Kenney Food Kit (UnityGLTF export, colormap.png naming) but no embedded/recorded licence",DELETE (unreferenced by runtime code)
public/assets/glb/food/burger.glb,34536,,,,,yes,,generator=UnityGLTF,"UNKNOWN — probable Kenney Food Kit (UnityGLTF export, colormap.png naming) but no embedded/recorded licence",DELETE (unreferenced by runtime code)
public/assets/glb/food/cabbage.glb,15360,,,,,yes,,generator=UnityGLTF,"UNKNOWN — probable Kenney Food Kit (UnityGLTF export, colormap.png naming) but no embedded/recorded licence",DELETE (unreferenced by runtime code)
public/assets/glb/food/cake-birthday.glb,115324,,,,,yes,,generator=UnityGLTF,"UNKNOWN — probable Kenney Food Kit (UnityGLTF export, colormap.png naming) but no embedded/recorded licence",DELETE (unreferenced by runtime code)
public/assets/glb/food/cake-slicer.glb,5060,,,,,yes,,generator=UnityGLTF,"UNKNOWN — probable Kenney Food Kit (UnityGLTF export, colormap.png naming) but no embedded/recorded licence",DELETE (unreferenced by runtime code)
public/assets/glb/food/cake.glb,72884,,,,,yes,,generator=UnityGLTF,"UNKNOWN — probable Kenney Food Kit (UnityGLTF export, colormap.png naming) but no embedded/recorded licence",DELETE (unreferenced by runtime code)
public/assets/glb/food/can-open.glb,18428,,,,,yes,,generator=UnityGLTF,"UNKNOWN — probable Kenney Food Kit (UnityGLTF export, colormap.png naming) but no embedded/recorded licence",DELETE (unreferenced by runtime code)
public/assets/glb/food/can-small.glb,15964,,,,,yes,,generator=UnityGLTF,"UNKNOWN — probable Kenney Food Kit (UnityGLTF export, colormap.png naming) but no embedded/recorded licence",DELETE (unreferenced by runtime code)
public/assets/glb/food/can.glb,13708,,,,,yes,,generator=UnityGLTF,"UNKNOWN — probable Kenney Food Kit (UnityGLTF export, colormap.png naming) but no embedded/recorded licence",DELETE (unreferenced by runtime code)
public/assets/glb/food/candy-bar-wrapper.glb,6120,,,,,yes,,generator=UnityGLTF,"UNKNOWN — probable Kenney Food Kit (UnityGLTF export, colormap.png naming) but no embedded/recorded licence",DELETE (unreferenced by runtime code)
public/assets/glb/food/candy-bar.glb,7504,,,,,yes,,generator=UnityGLTF,"UNKNOWN — probable Kenney Food Kit (UnityGLTF export, colormap.png naming) but no embedded/recorded licence",DELETE (unreferenced by runtime code)
public/assets/glb/food/carrot.glb,16364,,,,,yes,,generator=UnityGLTF,"UNKNOWN — probable Kenney Food Kit (UnityGLTF export, colormap.png naming) but no embedded/recorded licence",DELETE (unreferenced by runtime code)
public/assets/glb/food/carton-small.glb,8352,,,,,yes,,generator=UnityGLTF,"UNKNOWN — probable Kenney Food Kit (UnityGLTF export, colormap.png naming) but no embedded/recorded licence",DELETE (unreferenced by runtime code)
public/assets/glb/food/carton.glb,9352,,,,,yes,,generator=UnityGLTF,"UNKNOWN — probable Kenney Food Kit (UnityGLTF export, colormap.png naming) but no embedded/recorded licence",DELETE (unreferenced by runtime code)
public/assets/glb/food/cauliflower.glb,16592,,,,,yes,,generator=UnityGLTF,"UNKNOWN — probable Kenney Food Kit (UnityGLTF export, colormap.png naming) but no embedded/recorded licence",DELETE (unreferenced by runtime code)
public/assets/glb/food/celery-stick.glb,5964,,,,,yes,,generator=UnityGLTF,"UNKNOWN — probable Kenney Food Kit (UnityGLTF export, colormap.png naming) but no embedded/recorded licence",DELETE (unreferenced by runtime code)
public/assets/glb/food/cheese-cut.glb,13456,,,,,yes,,generator=UnityGLTF,"UNKNOWN — probable Kenney Food Kit (UnityGLTF export, colormap.png naming) but no embedded/recorded licence",DELETE (unreferenced by runtime code)
public/assets/glb/food/cheese-slicer.glb,5496,,,,,yes,,generator=UnityGLTF,"UNKNOWN — probable Kenney Food Kit (UnityGLTF export, colormap.png naming) but no embedded/recorded licence",DELETE (unreferenced by runtime code)
public/assets/glb/food/cheese.glb,60976,,,,,yes,,generator=UnityGLTF,"UNKNOWN — probable Kenney Food Kit (UnityGLTF export, colormap.png naming) but no embedded/recorded licence",DELETE (unreferenced by runtime code)
public/assets/glb/food/cherries.glb,13516,,,,,yes,,generator=UnityGLTF,"UNKNOWN — probable Kenney Food Kit (UnityGLTF export, colormap.png naming) but no embedded/recorded licence",DELETE (unreferenced by runtime code)
public/assets/glb/food/chinese.glb,19384,,,,,yes,,generator=UnityGLTF,"UNKNOWN — probable Kenney Food Kit (UnityGLTF export, colormap.png naming) but no embedded/recorded licence",DELETE (unreferenced by runtime code)
public/assets/glb/food/chocolate-wrapper.glb,11720,,,,,yes,,generator=UnityGLTF,"UNKNOWN — probable Kenney Food Kit (UnityGLTF export, colormap.png naming) but no embedded/recorded licence",DELETE (unreferenced by runtime code)
public/assets/glb/food/chocolate.glb,12652,,,,,yes,,generator=UnityGLTF,"UNKNOWN — probable Kenney Food Kit (UnityGLTF export, colormap.png naming) but no embedded/recorded licence",DELETE (unreferenced by runtime code)
public/assets/glb/food/chopstic-decorative.glb,5416,,,,,yes,,generator=UnityGLTF,"UNKNOWN — probable Kenney Food Kit (UnityGLTF export, colormap.png naming) but no embedded/recorded licence",DELETE (unreferenced by runtime code)
public/assets/glb/food/chopstick.glb,3008,,,,,yes,,generator=UnityGLTF,"UNKNOWN — probable Kenney Food Kit (UnityGLTF export, colormap.png naming) but no embedded/recorded licence",DELETE (unreferenced by runtime code)
public/assets/glb/food/cocktail.glb,14128,,,,,yes,,generator=UnityGLTF,"UNKNOWN — probable Kenney Food Kit (UnityGLTF export, colormap.png naming) but no embedded/recorded licence",DELETE (unreferenced by runtime code)
public/assets/glb/food/coconut-half.glb,8308,,,,,yes,,generator=UnityGLTF,"UNKNOWN — probable Kenney Food Kit (UnityGLTF export, colormap.png naming) but no embedded/recorded licence",DELETE (unreferenced by runtime code)
public/assets/glb/food/coconut.glb,8984,,,,,yes,,generator=UnityGLTF,"UNKNOWN — probable Kenney Food Kit (UnityGLTF export, colormap.png naming) but no embedded/recorded licence",DELETE (unreferenced by runtime code)
public/assets/glb/food/colormap.png,10715,,,,,yes,,,"UNKNOWN — probable Kenney Food Kit (UnityGLTF export, colormap.png naming) but no embedded/recorded licence",DELETE (unreferenced by runtime code)
public/assets/glb/food/cookie-chocolate.glb,12344,,,,,yes,,generator=UnityGLTF,"UNKNOWN — probable Kenney Food Kit (UnityGLTF export, colormap.png naming) but no embedded/recorded licence",DELETE (unreferenced by runtime code)
public/assets/glb/food/cookie.glb,7532,,,,,yes,,generator=UnityGLTF,"UNKNOWN — probable Kenney Food Kit (UnityGLTF export, colormap.png naming) but no embedded/recorded licence",DELETE (unreferenced by runtime code)
public/assets/glb/food/cooking-fork.glb,4872,,,,,yes,,generator=UnityGLTF,"UNKNOWN — probable Kenney Food Kit (UnityGLTF export, colormap.png naming) but no embedded/recorded licence",DELETE (unreferenced by runtime code)
public/assets/glb/food/cooking-knife-chopping.glb,7796,,,,,yes,,generator=UnityGLTF,"UNKNOWN — probable Kenney Food Kit (UnityGLTF export, colormap.png naming) but no embedded/recorded licence",DELETE (unreferenced by runtime code)
public/assets/glb/food/cooking-knife.glb,5380,,,,,yes,,generator=UnityGLTF,"UNKNOWN — probable Kenney Food Kit (UnityGLTF export, colormap.png naming) but no embedded/recorded licence",DELETE (unreferenced by runtime code)
public/assets/glb/food/cooking-spatula.glb,6144,,,,,yes,,generator=UnityGLTF,"UNKNOWN — probable Kenney Food Kit (UnityGLTF export, colormap.png naming) but no embedded/recorded licence",DELETE (unreferenced by runtime code)
public/assets/glb/food/cooking-spoon.glb,6796,,,,,yes,,generator=UnityGLTF,"UNKNOWN — probable Kenney Food Kit (UnityGLTF export, colormap.png naming) but no embedded/recorded licence",DELETE (unreferenced by runtime code)
public/assets/glb/food/corn-dog.glb,9152,,,,,yes,,generator=UnityGLTF,"UNKNOWN — probable Kenney Food Kit (UnityGLTF export, colormap.png naming) but no embedded/recorded licence",DELETE (unreferenced by runtime code)
public/assets/glb/food/corn.glb,14284,,,,,yes,,generator=UnityGLTF,"UNKNOWN — probable Kenney Food Kit (UnityGLTF export, colormap.png naming) but no embedded/recorded licence",DELETE (unreferenced by runtime code)
public/assets/glb/food/croissant.glb,14352,,,,,yes,,generator=UnityGLTF,"UNKNOWN — probable Kenney Food Kit (UnityGLTF export, colormap.png naming) but no embedded/recorded licence",DELETE (unreferenced by runtime code)
public/assets/glb/food/cup-coffee.glb,7872,,,,,yes,,generator=UnityGLTF,"UNKNOWN — probable Kenney Food Kit (UnityGLTF export, colormap.png naming) but no embedded/recorded licence",DELETE (unreferenced by runtime code)
public/assets/glb/food/cup-saucer.glb,7848,,,,,yes,,generator=UnityGLTF,"UNKNOWN — probable Kenney Food Kit (UnityGLTF export, colormap.png naming) but no embedded/recorded licence",DELETE (unreferenced by runtime code)
public/assets/glb/food/cup-tea.glb,9780,,,,,yes,,generator=UnityGLTF,"UNKNOWN — probable Kenney Food Kit (UnityGLTF export, colormap.png naming) but no embedded/recorded licence",DELETE (unreferenced by runtime code)
public/assets/glb/food/cup.glb,8008,,,,,yes,,generator=UnityGLTF,"UNKNOWN — probable Kenney Food Kit (UnityGLTF export, colormap.png naming) but no embedded/recorded licence",DELETE (unreferenced by runtime code)
public/assets/glb/food/cupcake.glb,22724,,,,,yes,,generator=UnityGLTF,"UNKNOWN — probable Kenney Food Kit (UnityGLTF export, colormap.png naming) but no embedded/recorded licence",DELETE (unreferenced by runtime code)
public/assets/glb/food/cutting-board-japanese.glb,9864,,,,,yes,,generator=UnityGLTF,"UNKNOWN — probable Kenney Food Kit (UnityGLTF export, colormap.png naming) but no embedded/recorded licence",DELETE (unreferenced by runtime code)
public/assets/glb/food/cutting-board-round.glb,12608,,,,,yes,,generator=UnityGLTF,"UNKNOWN — probable Kenney Food Kit (UnityGLTF export, colormap.png naming) but no embedded/recorded licence",DELETE (unreferenced by runtime code)
public/assets/glb/food/cutting-board.glb,10652,,,,,yes,,generator=UnityGLTF,"UNKNOWN — probable Kenney Food Kit (UnityGLTF export, colormap.png naming) but no embedded/recorded licence",DELETE (unreferenced by runtime code)
public/assets/glb/food/dim-sum.glb,7180,,,,,yes,,generator=UnityGLTF,"UNKNOWN — probable Kenney Food Kit (UnityGLTF export, colormap.png naming) but no embedded/recorded licence",DELETE (unreferenced by runtime code)
public/assets/glb/food/donut-chocolate.glb,12568,,,,,yes,,generator=UnityGLTF,"UNKNOWN — probable Kenney Food Kit (UnityGLTF export, colormap.png naming) but no embedded/recorded licence",DELETE (unreferenced by runtime code)
public/assets/glb/food/donut-sprinkles.glb,20008,,,,,yes,,generator=UnityGLTF,"UNKNOWN — probable Kenney Food Kit (UnityGLTF export, colormap.png naming) but no embedded/recorded licence",DELETE (unreferenced by runtime code)
public/assets/glb/food/donut.glb,11360,,,,,yes,,generator=UnityGLTF,"UNKNOWN — probable Kenney Food Kit (UnityGLTF export, colormap.png naming) but no embedded/recorded licence",DELETE (unreferenced by runtime code)
public/assets/glb/food/egg-cooked.glb,6752,,,,,yes,,generator=UnityGLTF,"UNKNOWN — probable Kenney Food Kit (UnityGLTF export, colormap.png naming) but no embedded/recorded licence",DELETE (unreferenced by runtime code)
public/assets/glb/food/egg-cup.glb,6992,,,,,yes,,generator=UnityGLTF,"UNKNOWN — probable Kenney Food Kit (UnityGLTF export, colormap.png naming) but no embedded/recorded licence",DELETE (unreferenced by runtime code)
public/assets/glb/food/egg-half.glb,8256,,,,,yes,,generator=UnityGLTF,"UNKNOWN — probable Kenney Food Kit (UnityGLTF export, colormap.png naming) but no embedded/recorded licence",DELETE (unreferenced by runtime code)
public/assets/glb/food/egg.glb,6044,,,,,yes,,generator=UnityGLTF,"UNKNOWN — probable Kenney Food Kit (UnityGLTF export, colormap.png naming) but no embedded/recorded licence",DELETE (unreferenced by runtime code)
public/assets/glb/food/eggplant.glb,13416,,,,,yes,,generator=UnityGLTF,"UNKNOWN — probable Kenney Food Kit (UnityGLTF export, colormap.png naming) but no embedded/recorded licence",DELETE (unreferenced by runtime code)
public/assets/glb/food/fish-bones.glb,34068,,,,,yes,,generator=UnityGLTF,"UNKNOWN — probable Kenney Food Kit (UnityGLTF export, colormap.png naming) but no embedded/recorded licence",DELETE (unreferenced by runtime code)
public/assets/glb/food/fish.glb,31672,,,,,yes,,generator=UnityGLTF,"UNKNOWN — probable Kenney Food Kit (UnityGLTF export, colormap.png naming) but no embedded/recorded licence",DELETE (unreferenced by runtime code)
public/assets/glb/food/frappe.glb,22548,,,,,yes,,generator=UnityGLTF,"UNKNOWN — probable Kenney Food Kit (UnityGLTF export, colormap.png naming) but no embedded/recorded licence",DELETE (unreferenced by runtime code)
public/assets/glb/food/fries-empty.glb,11376,,,,,yes,,generator=UnityGLTF,"UNKNOWN — probable Kenney Food Kit (UnityGLTF export, colormap.png naming) but no embedded/recorded licence",DELETE (unreferenced by runtime code)
public/assets/glb/food/fries.glb,59228,,,,,yes,,generator=UnityGLTF,"UNKNOWN — probable Kenney Food Kit (UnityGLTF export, colormap.png naming) but no embedded/recorded licence",DELETE (unreferenced by runtime code)
public/assets/glb/food/frikandel-speciaal.glb,25532,,,,,yes,,generator=UnityGLTF,"UNKNOWN — probable Kenney Food Kit (UnityGLTF export, colormap.png naming) but no embedded/recorded licence",DELETE (unreferenced by runtime code)
public/assets/glb/food/frying-pan-lid.glb,13856,,,,,yes,,generator=UnityGLTF,"UNKNOWN — probable Kenney Food Kit (UnityGLTF export, colormap.png naming) but no embedded/recorded licence",DELETE (unreferenced by runtime code)
public/assets/glb/food/frying-pan.glb,19216,,,,,yes,,generator=UnityGLTF,"UNKNOWN — probable Kenney Food Kit (UnityGLTF export, colormap.png naming) but no embedded/recorded licence",DELETE (unreferenced by runtime code)
public/assets/glb/food/ginger-bread-cutter.glb,11972,,,,,yes,,generator=UnityGLTF,"UNKNOWN — probable Kenney Food Kit (UnityGLTF export, colormap.png naming) but no embedded/recorded licence",DELETE (unreferenced by runtime code)
public/assets/glb/food/ginger-bread.glb,7756,,,,,yes,,generator=UnityGLTF,"UNKNOWN — probable Kenney Food Kit (UnityGLTF export, colormap.png naming) but no embedded/recorded licence",DELETE (unreferenced by runtime code)
public/assets/glb/food/glass-wine.glb,23984,,,,,yes,,generator=UnityGLTF,"UNKNOWN — probable Kenney Food Kit (UnityGLTF export, colormap.png naming) but no embedded/recorded licence",DELETE (unreferenced by runtime code)
public/assets/glb/food/glass.glb,4216,,,,,yes,,generator=UnityGLTF,"UNKNOWN — probable Kenney Food Kit (UnityGLTF export, colormap.png naming) but no embedded/recorded licence",DELETE (unreferenced by runtime code)
public/assets/glb/food/grapes.glb,58992,,,,,yes,,generator=UnityGLTF,"UNKNOWN — probable Kenney Food Kit (UnityGLTF export, colormap.png naming) but no embedded/recorded licence",DELETE (unreferenced by runtime code)
public/assets/glb/food/honey.glb,14888,,,,,yes,,generator=UnityGLTF,"UNKNOWN — probable Kenney Food Kit (UnityGLTF export, colormap.png naming) but no embedded/recorded licence",DELETE (unreferenced by runtime code)
public/assets/glb/food/hot-dog-raw.glb,9568,,,,,yes,,generator=UnityGLTF,"UNKNOWN — probable Kenney Food Kit (UnityGLTF export, colormap.png naming) but no embedded/recorded licence",DELETE (unreferenced by runtime code)
public/assets/glb/food/hot-dog.glb,27700,,,,,yes,,generator=UnityGLTF,"UNKNOWN — probable Kenney Food Kit (UnityGLTF export, colormap.png naming) but no embedded/recorded licence",DELETE (unreferenced by runtime code)
public/assets/glb/food/ice-cream-cne.glb,5460,,,,,yes,,generator=UnityGLTF,"UNKNOWN — probable Kenney Food Kit (UnityGLTF export, colormap.png naming) but no embedded/recorded licence",DELETE (unreferenced by runtime code)
public/assets/glb/food/ice-cream-cup.glb,7796,,,,,yes,,generator=UnityGLTF,"UNKNOWN — probable Kenney Food Kit (UnityGLTF export, colormap.png naming) but no embedded/recorded licence",DELETE (unreferenced by runtime code)
public/assets/glb/food/ice-cream-scoop-chocolate.glb,9016,,,,,yes,,generator=UnityGLTF,"UNKNOWN — probable Kenney Food Kit (UnityGLTF export, colormap.png naming) but no embedded/recorded licence",DELETE (unreferenced by runtime code)
public/assets/glb/food/ice-cream-scoop-mint.glb,7256,,,,,yes,,generator=UnityGLTF,"UNKNOWN — probable Kenney Food Kit (UnityGLTF export, colormap.png naming) but no embedded/recorded licence",DELETE (unreferenced by runtime code)
public/assets/glb/food/ice-cream.glb,10124,,,,,yes,,generator=UnityGLTF,"UNKNOWN — probable Kenney Food Kit (UnityGLTF export, colormap.png naming) but no embedded/recorded licence",DELETE (unreferenced by runtime code)
public/assets/glb/food/knife-block.glb,20204,,,,,yes,,generator=UnityGLTF,"UNKNOWN — probable Kenney Food Kit (UnityGLTF export, colormap.png naming) but no embedded/recorded licence",DELETE (unreferenced by runtime code)
public/assets/glb/food/leek.glb,16648,,,,,yes,,generator=UnityGLTF,"UNKNOWN — probable Kenney Food Kit (UnityGLTF export, colormap.png naming) but no embedded/recorded licence",DELETE (unreferenced by runtime code)
public/assets/glb/food/lemon-half.glb,10280,,,,,yes,,generator=UnityGLTF,"UNKNOWN — probable Kenney Food Kit (UnityGLTF export, colormap.png naming) but no embedded/recorded licence",DELETE (unreferenced by runtime code)
public/assets/glb/food/lemon.glb,11924,,,,,yes,,generator=UnityGLTF,"UNKNOWN — probable Kenney Food Kit (UnityGLTF export, colormap.png naming) but no embedded/recorded licence",DELETE (unreferenced by runtime code)
public/assets/glb/food/loaf-baguette.glb,12824,,,,,yes,,generator=UnityGLTF,"UNKNOWN — probable Kenney Food Kit (UnityGLTF export, colormap.png naming) but no embedded/recorded licence",DELETE (unreferenced by runtime code)
public/assets/glb/food/loaf-round.glb,11112,,,,,yes,,generator=UnityGLTF,"UNKNOWN — probable Kenney Food Kit (UnityGLTF export, colormap.png naming) but no embedded/recorded licence",DELETE (unreferenced by runtime code)
public/assets/glb/food/loaf.glb,9464,,,,,yes,,generator=UnityGLTF,"UNKNOWN — probable Kenney Food Kit (UnityGLTF export, colormap.png naming) but no embedded/recorded licence",DELETE (unreferenced by runtime code)
public/assets/glb/food/lollypop.glb,8544,,,,,yes,,generator=UnityGLTF,"UNKNOWN — probable Kenney Food Kit (UnityGLTF export, colormap.png naming) but no embedded/recorded licence",DELETE (unreferenced by runtime code)
public/assets/glb/food/maki-roe.glb,6568,,,,,yes,,generator=UnityGLTF,"UNKNOWN — probable Kenney Food Kit (UnityGLTF export, colormap.png naming) but no embedded/recorded licence",DELETE (unreferenced by runtime code)
public/assets/glb/food/maki-salmon.glb,6004,,,,,yes,,generator=UnityGLTF,"UNKNOWN — probable Kenney Food Kit (UnityGLTF export, colormap.png naming) but no embedded/recorded licence",DELETE (unreferenced by runtime code)
public/assets/glb/food/maki-vegetable.glb,6108,,,,,yes,,generator=UnityGLTF,"UNKNOWN — probable Kenney Food Kit (UnityGLTF export, colormap.png naming) but no embedded/recorded licence",DELETE (unreferenced by runtime code)
public/assets/glb/food/meat-cooked.glb,10540,,,,,yes,,generator=UnityGLTF,"UNKNOWN — probable Kenney Food Kit (UnityGLTF export, colormap.png naming) but no embedded/recorded licence",DELETE (unreferenced by runtime code)
public/assets/glb/food/meat-patty.glb,9092,,,,,yes,,generator=UnityGLTF,"UNKNOWN — probable Kenney Food Kit (UnityGLTF export, colormap.png naming) but no embedded/recorded licence",DELETE (unreferenced by runtime code)
public/assets/glb/food/meat-raw.glb,9936,,,,,yes,,generator=UnityGLTF,"UNKNOWN — probable Kenney Food Kit (UnityGLTF export, colormap.png naming) but no embedded/recorded licence",DELETE (unreferenced by runtime code)
public/assets/glb/food/meat-ribs.glb,14364,,,,,yes,,generator=UnityGLTF,"UNKNOWN — probable Kenney Food Kit (UnityGLTF export, colormap.png naming) but no embedded/recorded licence",DELETE (unreferenced by runtime code)
public/assets/glb/food/meat-sausage.glb,47096,,,,,yes,,generator=UnityGLTF,"UNKNOWN — probable Kenney Food Kit (UnityGLTF export, colormap.png naming) but no embedded/recorded licence",DELETE (unreferenced by runtime code)
public/assets/glb/food/meat-tenderizer.glb,31372,,,,,yes,,generator=UnityGLTF,"UNKNOWN — probable Kenney Food Kit (UnityGLTF export, colormap.png naming) but no embedded/recorded licence",DELETE (unreferenced by runtime code)
public/assets/glb/food/mincemeat-pie.glb,12700,,,,,yes,,generator=UnityGLTF,"UNKNOWN — probable Kenney Food Kit (UnityGLTF export, colormap.png naming) but no embedded/recorded licence",DELETE (unreferenced by runtime code)
public/assets/glb/food/mortar-pestle.glb,7232,,,,,yes,,generator=UnityGLTF,"UNKNOWN — probable Kenney Food Kit (UnityGLTF export, colormap.png naming) but no embedded/recorded licence",DELETE (unreferenced by runtime code)
public/assets/glb/food/mortar.glb,10200,,,,,yes,,generator=UnityGLTF,"UNKNOWN — probable Kenney Food Kit (UnityGLTF export, colormap.png naming) but no embedded/recorded licence",DELETE (unreferenced by runtime code)
public/assets/glb/food/muffin.glb,10252,,,,,yes,,generator=UnityGLTF,"UNKNOWN — probable Kenney Food Kit (UnityGLTF export, colormap.png naming) but no embedded/recorded licence",DELETE (unreferenced by runtime code)
public/assets/glb/food/mug.glb,20236,,,,,yes,,generator=UnityGLTF,"UNKNOWN — probable Kenney Food Kit (UnityGLTF export, colormap.png naming) but no embedded/recorded licence",DELETE (unreferenced by runtime code)
public/assets/glb/food/mushroom-half.glb,7024,,,,,yes,,generator=UnityGLTF,"UNKNOWN — probable Kenney Food Kit (UnityGLTF export, colormap.png naming) but no embedded/recorded licence",DELETE (unreferenced by runtime code)
public/assets/glb/food/mushroom.glb,8440,,,,,yes,,generator=UnityGLTF,"UNKNOWN — probable Kenney Food Kit (UnityGLTF export, colormap.png naming) but no embedded/recorded licence",DELETE (unreferenced by runtime code)
public/assets/glb/food/mussel-open.glb,10216,,,,,yes,,generator=UnityGLTF,"UNKNOWN — probable Kenney Food Kit (UnityGLTF export, colormap.png naming) but no embedded/recorded licence",DELETE (unreferenced by runtime code)
public/assets/glb/food/mussel.glb,5328,,,,,yes,,generator=UnityGLTF,"UNKNOWN — probable Kenney Food Kit (UnityGLTF export, colormap.png naming) but no embedded/recorded licence",DELETE (unreferenced by runtime code)
public/assets/glb/food/onion-half.glb,9084,,,,,yes,,generator=UnityGLTF,"UNKNOWN — probable Kenney Food Kit (UnityGLTF export, colormap.png naming) but no embedded/recorded licence",DELETE (unreferenced by runtime code)
public/assets/glb/food/onion.glb,8356,,,,,yes,,generator=UnityGLTF,"UNKNOWN — probable Kenney Food Kit (UnityGLTF export, colormap.png naming) but no embedded/recorded licence",DELETE (unreferenced by runtime code)
public/assets/glb/food/orange.glb,13088,,,,,yes,,generator=UnityGLTF,"UNKNOWN — probable Kenney Food Kit (UnityGLTF export, colormap.png naming) but no embedded/recorded licence",DELETE (unreferenced by runtime code)
public/assets/glb/food/pan-stew.glb,28316,,,,,yes,,generator=UnityGLTF,"UNKNOWN — probable Kenney Food Kit (UnityGLTF export, colormap.png naming) but no embedded/recorded licence",DELETE (unreferenced by runtime code)
public/assets/glb/food/pan.glb,19956,,,,,yes,,generator=UnityGLTF,"UNKNOWN — probable Kenney Food Kit (UnityGLTF export, colormap.png naming) but no embedded/recorded licence",DELETE (unreferenced by runtime code)
public/assets/glb/food/pancakes.glb,42592,,,,,yes,,generator=UnityGLTF,"UNKNOWN — probable Kenney Food Kit (UnityGLTF export, colormap.png naming) but no embedded/recorded licence",DELETE (unreferenced by runtime code)
public/assets/glb/food/paprika-slice.glb,8988,,,,,yes,,generator=UnityGLTF,"UNKNOWN — probable Kenney Food Kit (UnityGLTF export, colormap.png naming) but no embedded/recorded licence",DELETE (unreferenced by runtime code)
public/assets/glb/food/paprika.glb,15124,,,,,yes,,generator=UnityGLTF,"UNKNOWN — probable Kenney Food Kit (UnityGLTF export, colormap.png naming) but no embedded/recorded licence",DELETE (unreferenced by runtime code)
public/assets/glb/food/peanut-butter.glb,17408,,,,,yes,,generator=UnityGLTF,"UNKNOWN — probable Kenney Food Kit (UnityGLTF export, colormap.png naming) but no embedded/recorded licence",DELETE (unreferenced by runtime code)
public/assets/glb/food/pear-half.glb,11336,,,,,yes,,generator=UnityGLTF,"UNKNOWN — probable Kenney Food Kit (UnityGLTF export, colormap.png naming) but no embedded/recorded licence",DELETE (unreferenced by runtime code)
public/assets/glb/food/pear.glb,15556,,,,,yes,,generator=UnityGLTF,"UNKNOWN — probable Kenney Food Kit (UnityGLTF export, colormap.png naming) but no embedded/recorded licence",DELETE (unreferenced by runtime code)
public/assets/glb/food/pepper-mill.glb,25664,,,,,yes,,generator=UnityGLTF,"UNKNOWN — probable Kenney Food Kit (UnityGLTF export, colormap.png naming) but no embedded/recorded licence",DELETE (unreferenced by runtime code)
public/assets/glb/food/pepper.glb,12928,,,,,yes,,generator=UnityGLTF,"UNKNOWN — probable Kenney Food Kit (UnityGLTF export, colormap.png naming) but no embedded/recorded licence",DELETE (unreferenced by runtime code)
public/assets/glb/food/pie.glb,22420,,,,,yes,,generator=UnityGLTF,"UNKNOWN — probable Kenney Food Kit (UnityGLTF export, colormap.png naming) but no embedded/recorded licence",DELETE (unreferenced by runtime code)
public/assets/glb/food/pineapple.glb,20248,,,,,yes,,generator=UnityGLTF,"UNKNOWN — probable Kenney Food Kit (UnityGLTF export, colormap.png naming) but no embedded/recorded licence",DELETE (unreferenced by runtime code)
public/assets/glb/food/pizza-box.glb,8788,,,,,yes,,generator=UnityGLTF,"UNKNOWN — probable Kenney Food Kit (UnityGLTF export, colormap.png naming) but no embedded/recorded licence",DELETE (unreferenced by runtime code)
public/assets/glb/food/pizza-cutter.glb,8584,,,,,yes,,generator=UnityGLTF,"UNKNOWN — probable Kenney Food Kit (UnityGLTF export, colormap.png naming) but no embedded/recorded licence",DELETE (unreferenced by runtime code)
public/assets/glb/food/pizza.glb,106780,,,,,yes,,generator=UnityGLTF,"UNKNOWN — probable Kenney Food Kit (UnityGLTF export, colormap.png naming) but no embedded/recorded licence",DELETE (unreferenced by runtime code)
public/assets/glb/food/plate-broken.glb,33220,,,,,yes,,generator=UnityGLTF,"UNKNOWN — probable Kenney Food Kit (UnityGLTF export, colormap.png naming) but no embedded/recorded licence",DELETE (unreferenced by runtime code)
public/assets/glb/food/plate-deep.glb,7944,,,,,yes,,generator=UnityGLTF,"UNKNOWN — probable Kenney Food Kit (UnityGLTF export, colormap.png naming) but no embedded/recorded licence",DELETE (unreferenced by runtime code)
public/assets/glb/food/plate-dinner.glb,27908,,,,,yes,,generator=UnityGLTF,"UNKNOWN — probable Kenney Food Kit (UnityGLTF export, colormap.png naming) but no embedded/recorded licence",DELETE (unreferenced by runtime code)
public/assets/glb/food/plate-rectangle.glb,6756,,,,,yes,,generator=UnityGLTF,"UNKNOWN — probable Kenney Food Kit (UnityGLTF export, colormap.png naming) but no embedded/recorded licence",DELETE (unreferenced by runtime code)
public/assets/glb/food/plate-sauerkraut.glb,64728,,,,,yes,,generator=UnityGLTF,"UNKNOWN — probable Kenney Food Kit (UnityGLTF export, colormap.png naming) but no embedded/recorded licence",DELETE (unreferenced by runtime code)
public/assets/glb/food/plate.glb,8480,,,,,yes,,generator=UnityGLTF,"UNKNOWN — probable Kenney Food Kit (UnityGLTF export, colormap.png naming) but no embedded/recorded licence",DELETE (unreferenced by runtime code)
public/assets/glb/food/popsicle-chocolate.glb,11796,,,,,yes,,generator=UnityGLTF,"UNKNOWN — probable Kenney Food Kit (UnityGLTF export, colormap.png naming) but no embedded/recorded licence",DELETE (unreferenced by runtime code)
public/assets/glb/food/popsicle-stick.glb,4768,,,,,yes,,generator=UnityGLTF,"UNKNOWN — probable Kenney Food Kit (UnityGLTF export, colormap.png naming) but no embedded/recorded licence",DELETE (unreferenced by runtime code)
public/assets/glb/food/popsicle.glb,8116,,,,,yes,,generator=UnityGLTF,"UNKNOWN — probable Kenney Food Kit (UnityGLTF export, colormap.png naming) but no embedded/recorded licence",DELETE (unreferenced by runtime code)
public/assets/glb/food/pot-lid.glb,10992,,,,,yes,,generator=UnityGLTF,"UNKNOWN — probable Kenney Food Kit (UnityGLTF export, colormap.png naming) but no embedded/recorded licence",DELETE (unreferenced by runtime code)
public/assets/glb/food/pot-stew-lid.glb,15824,,,,,yes,,generator=UnityGLTF,"UNKNOWN — probable Kenney Food Kit (UnityGLTF export, colormap.png naming) but no embedded/recorded licence",DELETE (unreferenced by runtime code)
public/assets/glb/food/pot-stew.glb,29560,,,,,yes,,generator=UnityGLTF,"UNKNOWN — probable Kenney Food Kit (UnityGLTF export, colormap.png naming) but no embedded/recorded licence",DELETE (unreferenced by runtime code)
public/assets/glb/food/pot.glb,18900,,,,,yes,,generator=UnityGLTF,"UNKNOWN — probable Kenney Food Kit (UnityGLTF export, colormap.png naming) but no embedded/recorded licence",DELETE (unreferenced by runtime code)
public/assets/glb/food/pudding.glb,6612,,,,,yes,,generator=UnityGLTF,"UNKNOWN — probable Kenney Food Kit (UnityGLTF export, colormap.png naming) but no embedded/recorded licence",DELETE (unreferenced by runtime code)
public/assets/glb/food/pumpkin-basic.glb,8484,,,,,yes,,generator=UnityGLTF,"UNKNOWN — probable Kenney Food Kit (UnityGLTF export, colormap.png naming) but no embedded/recorded licence",DELETE (unreferenced by runtime code)
public/assets/glb/food/pumpkin.glb,20436,,,,,yes,,generator=UnityGLTF,"UNKNOWN — probable Kenney Food Kit (UnityGLTF export, colormap.png naming) but no embedded/recorded licence",DELETE (unreferenced by runtime code)
public/assets/glb/food/radish.glb,16456,,,,,yes,,generator=UnityGLTF,"UNKNOWN — probable Kenney Food Kit (UnityGLTF export, colormap.png naming) but no embedded/recorded licence",DELETE (unreferenced by runtime code)
public/assets/glb/food/rice-ball.glb,6200,,,,,yes,,generator=UnityGLTF,"UNKNOWN — probable Kenney Food Kit (UnityGLTF export, colormap.png naming) but no embedded/recorded licence",DELETE (unreferenced by runtime code)
public/assets/glb/food/rollingPin.glb,14304,,,,,yes,,generator=UnityGLTF,"UNKNOWN — probable Kenney Food Kit (UnityGLTF export, colormap.png naming) but no embedded/recorded licence",DELETE (unreferenced by runtime code)
public/assets/glb/food/salad.glb,17200,,,,,yes,,generator=UnityGLTF,"UNKNOWN — probable Kenney Food Kit (UnityGLTF export, colormap.png naming) but no embedded/recorded licence",DELETE (unreferenced by runtime code)
public/assets/glb/food/sandwich.glb,19724,,,,,yes,,generator=UnityGLTF,"UNKNOWN — probable Kenney Food Kit (UnityGLTF export, colormap.png naming) but no embedded/recorded licence",DELETE (unreferenced by runtime code)
public/assets/glb/food/sausage-half.glb,8852,,,,,yes,,generator=UnityGLTF,"UNKNOWN — probable Kenney Food Kit (UnityGLTF export, colormap.png naming) but no embedded/recorded licence",DELETE (unreferenced by runtime code)
public/assets/glb/food/sausage.glb,9556,,,,,yes,,generator=UnityGLTF,"UNKNOWN — probable Kenney Food Kit (UnityGLTF export, colormap.png naming) but no embedded/recorded licence",DELETE (unreferenced by runtime code)
public/assets/glb/food/shaker-pepper.glb,9300,,,,,yes,,generator=UnityGLTF,"UNKNOWN — probable Kenney Food Kit (UnityGLTF export, colormap.png naming) but no embedded/recorded licence",DELETE (unreferenced by runtime code)
public/assets/glb/food/shaker-salt.glb,11792,,,,,yes,,generator=UnityGLTF,"UNKNOWN — probable Kenney Food Kit (UnityGLTF export, colormap.png naming) but no embedded/recorded licence",DELETE (unreferenced by runtime code)
public/assets/glb/food/skewer-vegetables.glb,22604,,,,,yes,,generator=UnityGLTF,"UNKNOWN — probable Kenney Food Kit (UnityGLTF export, colormap.png naming) but no embedded/recorded licence",DELETE (unreferenced by runtime code)
public/assets/glb/food/skewer.glb,16544,,,,,yes,,generator=UnityGLTF,"UNKNOWN — probable Kenney Food Kit (UnityGLTF export, colormap.png naming) but no embedded/recorded licence",DELETE (unreferenced by runtime code)
public/assets/glb/food/soda-bottle.glb,11324,,,,,yes,,generator=UnityGLTF,"UNKNOWN — probable Kenney Food Kit (UnityGLTF export, colormap.png naming) but no embedded/recorded licence",DELETE (unreferenced by runtime code)
public/assets/glb/food/soda-can-crushed.glb,21304,,,,,yes,,generator=UnityGLTF,"UNKNOWN — probable Kenney Food Kit (UnityGLTF export, colormap.png naming) but no embedded/recorded licence",DELETE (unreferenced by runtime code)
public/assets/glb/food/soda-can.glb,16384,,,,,yes,,generator=UnityGLTF,"UNKNOWN — probable Kenney Food Kit (UnityGLTF export, colormap.png naming) but no embedded/recorded licence",DELETE (unreferenced by runtime code)
public/assets/glb/food/soda-glass.glb,12888,,,,,yes,,generator=UnityGLTF,"UNKNOWN — probable Kenney Food Kit (UnityGLTF export, colormap.png naming) but no embedded/recorded licence",DELETE (unreferenced by runtime code)
public/assets/glb/food/soda.glb,12356,,,,,yes,,generator=UnityGLTF,"UNKNOWN — probable Kenney Food Kit (UnityGLTF export, colormap.png naming) but no embedded/recorded licence",DELETE (unreferenced by runtime code)
public/assets/glb/food/soy.glb,5144,,,,,yes,,generator=UnityGLTF,"UNKNOWN — probable Kenney Food Kit (UnityGLTF export, colormap.png naming) but no embedded/recorded licence",DELETE (unreferenced by runtime code)
public/assets/glb/food/steamer.glb,45700,,,,,yes,,generator=UnityGLTF,"UNKNOWN — probable Kenney Food Kit (UnityGLTF export, colormap.png naming) but no embedded/recorded licence",DELETE (unreferenced by runtime code)
public/assets/glb/food/strawberry.glb,16620,,,,,yes,,generator=UnityGLTF,"UNKNOWN — probable Kenney Food Kit (UnityGLTF export, colormap.png naming) but no embedded/recorded licence",DELETE (unreferenced by runtime code)
public/assets/glb/food/styrofoam-dinner.glb,24448,,,,,yes,,generator=UnityGLTF,"UNKNOWN — probable Kenney Food Kit (UnityGLTF export, colormap.png naming) but no embedded/recorded licence",DELETE (unreferenced by runtime code)
public/assets/glb/food/styrofoam.glb,11980,,,,,yes,,generator=UnityGLTF,"UNKNOWN — probable Kenney Food Kit (UnityGLTF export, colormap.png naming) but no embedded/recorded licence",DELETE (unreferenced by runtime code)
public/assets/glb/food/sub.glb,58388,,,,,yes,,generator=UnityGLTF,"UNKNOWN — probable Kenney Food Kit (UnityGLTF export, colormap.png naming) but no embedded/recorded licence",DELETE (unreferenced by runtime code)
public/assets/glb/food/sundae.glb,26416,,,,,yes,,generator=UnityGLTF,"UNKNOWN — probable Kenney Food Kit (UnityGLTF export, colormap.png naming) but no embedded/recorded licence",DELETE (unreferenced by runtime code)
public/assets/glb/food/sushi-egg.glb,7644,,,,,yes,,generator=UnityGLTF,"UNKNOWN — probable Kenney Food Kit (UnityGLTF export, colormap.png naming) but no embedded/recorded licence",DELETE (unreferenced by runtime code)
public/assets/glb/food/sushi-salmon.glb,8852,,,,,yes,,generator=UnityGLTF,"UNKNOWN — probable Kenney Food Kit (UnityGLTF export, colormap.png naming) but no embedded/recorded licence",DELETE (unreferenced by runtime code)
public/assets/glb/food/taco.glb,17476,,,,,yes,,generator=UnityGLTF,"UNKNOWN — probable Kenney Food Kit (UnityGLTF export, colormap.png naming) but no embedded/recorded licence",DELETE (unreferenced by runtime code)
public/assets/glb/food/tajine-lid.glb,13796,,,,,yes,,generator=UnityGLTF,"UNKNOWN — probable Kenney Food Kit (UnityGLTF export, colormap.png naming) but no embedded/recorded licence",DELETE (unreferenced by runtime code)
public/assets/glb/food/tajine.glb,15644,,,,,yes,,generator=UnityGLTF,"UNKNOWN — probable Kenney Food Kit (UnityGLTF export, colormap.png naming) but no embedded/recorded licence",DELETE (unreferenced by runtime code)
public/assets/glb/food/tomato-slice.glb,12348,,,,,yes,,generator=UnityGLTF,"UNKNOWN — probable Kenney Food Kit (UnityGLTF export, colormap.png naming) but no embedded/recorded licence",DELETE (unreferenced by runtime code)
public/assets/glb/food/tomato.glb,14084,,,,,yes,,generator=UnityGLTF,"UNKNOWN — probable Kenney Food Kit (UnityGLTF export, colormap.png naming) but no embedded/recorded licence",DELETE (unreferenced by runtime code)
public/assets/glb/food/turkey.glb,37192,,,,,yes,,generator=UnityGLTF,"UNKNOWN — probable Kenney Food Kit (UnityGLTF export, colormap.png naming) but no embedded/recorded licence",DELETE (unreferenced by runtime code)
public/assets/glb/food/utensil-fork.glb,4816,,,,,yes,,generator=UnityGLTF,"UNKNOWN — probable Kenney Food Kit (UnityGLTF export, colormap.png naming) but no embedded/recorded licence",DELETE (unreferenced by runtime code)
public/assets/glb/food/utensil-knife.glb,3492,,,,,yes,,generator=UnityGLTF,"UNKNOWN — probable Kenney Food Kit (UnityGLTF export, colormap.png naming) but no embedded/recorded licence",DELETE (unreferenced by runtime code)
public/assets/glb/food/utensil-spoon.glb,6128,,,,,yes,,generator=UnityGLTF,"UNKNOWN — probable Kenney Food Kit (UnityGLTF export, colormap.png naming) but no embedded/recorded licence",DELETE (unreferenced by runtime code)
public/assets/glb/food/waffle.glb,47924,,,,,yes,,generator=UnityGLTF,"UNKNOWN — probable Kenney Food Kit (UnityGLTF export, colormap.png naming) but no embedded/recorded licence",DELETE (unreferenced by runtime code)
public/assets/glb/food/watermelon.glb,93884,,,,,yes,,generator=UnityGLTF,"UNKNOWN — probable Kenney Food Kit (UnityGLTF export, colormap.png naming) but no embedded/recorded licence",DELETE (unreferenced by runtime code)
public/assets/glb/food/whipped-cream.glb,4916,,,,,yes,,generator=UnityGLTF,"UNKNOWN — probable Kenney Food Kit (UnityGLTF export, colormap.png naming) but no embedded/recorded licence",DELETE (unreferenced by runtime code)
public/assets/glb/food/whisk.glb,10264,,,,,yes,,generator=UnityGLTF,"UNKNOWN — probable Kenney Food Kit (UnityGLTF export, colormap.png naming) but no embedded/recorded licence",DELETE (unreferenced by runtime code)
public/assets/glb/food/whole-ham.glb,11752,,,,,yes,,generator=UnityGLTF,"UNKNOWN — probable Kenney Food Kit (UnityGLTF export, colormap.png naming) but no embedded/recorded licence",DELETE (unreferenced by runtime code)
public/assets/glb/food/wholer-ham.glb,12916,,,,,yes,,generator=UnityGLTF,"UNKNOWN — probable Kenney Food Kit (UnityGLTF export, colormap.png naming) but no embedded/recorded licence",DELETE (unreferenced by runtime code)
public/assets/glb/food/wine-red.glb,14200,,,,,yes,,generator=UnityGLTF,"UNKNOWN — probable Kenney Food Kit (UnityGLTF export, colormap.png naming) but no embedded/recorded licence",DELETE (unreferenced by runtime code)
public/assets/glb/food/wine-white.glb,13524,,,,,yes,,generator=UnityGLTF,"UNKNOWN — probable Kenney Food Kit (UnityGLTF export, colormap.png naming) but no embedded/recorded licence",DELETE (unreferenced by runtime code)
public/assets/glb/furniture/chair_table_wardrobe_suitcase_furniture.glb,376148,,,,,yes,,mikurban (https://sketchfab.com/mikurban) | CC-BY-4.0 (http://creativecommons.org/licenses/by/4.0/) | https://sketchfab.com/3d-models/chair-table-wardrobe-suitcase-furniture-779508b3e7d64fe3a7eed7be5037534f,KNOWN (embedded) — attribution required,DELETE (unreferenced by runtime code)
public/assets/glb/furniture/furniture_set.glb,276540,,,,,yes,,Asylum Nox (https://sketchfab.com/peter.pottiez) | CC-BY-4.0 (http://creativecommons.org/licenses/by/4.0/) | https://sketchfab.com/3d-models/furniture-set-09b8b458fbad4986b6fd44698f5bc6dc,KNOWN (embedded) — attribution required,DELETE (unreferenced by runtime code)
public/assets/glb/furniture/some_furniture.glb,335024,,,,,yes,,AtTheSpeedOf (https://sketchfab.com/AtTheSpeedOf) | CC-BY-4.0 (http://creativecommons.org/licenses/by/4.0/) | https://sketchfab.com/3d-models/some-furniture-403f2737ce9e466092242169a813676d,KNOWN (embedded) — attribution required,DELETE (unreferenced by runtime code)
public/assets/glb/interior/cinemamovie_theater_seat.glb,419796,,,,,yes,,yuuuusukeeee (https://sketchfab.com/yuuuusukeeee) | CC-BY-4.0 (http://creativecommons.org/licenses/by/4.0/) | https://sketchfab.com/3d-models/cinemamovie-theater-seat-b8bcabfa355d4137910ef2e45b56b9bc,KNOWN (embedded) — attribution required,DELETE (unreferenced by runtime code)
public/assets/glb/interior/house_1f_interior.glb,245192,,,,,yes,,yuuuusukeeee (https://sketchfab.com/yuuuusukeeee) | CC-BY-4.0 (http://creativecommons.org/licenses/by/4.0/) | https://sketchfab.com/3d-models/house-1f-interior-160df5b536274da5805ed969aea8afc2,KNOWN (embedded) — attribution required,DELETE (unreferenced by runtime code)
public/assets/glb/interior/room_apartment_furniture.glb,384320,,,,,yes,,yuuuusukeeee (https://sketchfab.com/yuuuusukeeee) | CC-BY-4.0 (http://creativecommons.org/licenses/by/4.0/) | https://sketchfab.com/3d-models/room-apartment-furniture-1b5e5528de8f4b65a0eac856317c71f6,KNOWN (embedded) — attribution required,DELETE (unreferenced by runtime code)
public/assets/glb/interior/room_bathroom.glb,484612,,,,,yes,,yuuuusukeeee (https://sketchfab.com/yuuuusukeeee) | CC-BY-4.0 (http://creativecommons.org/licenses/by/4.0/) | https://sketchfab.com/3d-models/room-bathroom-3009212ea2fd464dbf8dfffa1051798d,KNOWN (embedded) — attribution required,DELETE (unreferenced by runtime code)
public/assets/glb/markets/cat-market/cat_market.glb,1399144,,,,,yes,,KristinaBeresten (https://sketchfab.com/KrisBer) | CC-BY-4.0 (http://creativecommons.org/licenses/by/4.0/) | https://sketchfab.com/3d-models/cat-market-bb814de0b37144fe8926b06ad14bef59,KNOWN (embedded) — attribution required,DELETE (unreferenced by runtime code)
public/assets/glb/markets/chinese-market/chinese_market.glb,1152656,,,,,yes,,katydid (https://sketchfab.com/Katydid.) | SKETCHFAB Standard (https://sketchfab.com/licenses) | https://sketchfab.com/3d-models/chinese-market-74ce2820d1024d6e90c9cc5001ea1983,"KNOWN (embedded) — Sketchfab Standard licence (restricted; NOT CC, do not re-ship without check)",DELETE (unreferenced by runtime code)
public/assets/glb/markets/mini-market/mini_market.glb,740580,,,,,yes,,Elbolillo (https://sketchfab.com/Elbolilloduro) | CC-BY-4.0 (http://creativecommons.org/licenses/by/4.0/) | https://sketchfab.com/3d-models/mini-market-725af75672704fc599a692d64e946475,KNOWN (embedded) — attribution required,DELETE (unreferenced by runtime code)
public/assets/glb/markets/super-market/super_market.glb,1335228,,,,,yes,,bunlypich (https://sketchfab.com/bunlypich) | CC-BY-4.0 (http://creativecommons.org/licenses/by/4.0/) | https://sketchfab.com/3d-models/supper-market-74e53463fdb54927be09771091d37dad,KNOWN (embedded) — attribution required,DELETE (unreferenced by runtime code)
public/assets/glb/props/plastic_water_bottle.glb,303304,,,,,yes,,Jeremy E. Grayson (https://sketchfab.com/JeremyGrayson) | CC-BY-4.0 (http://creativecommons.org/licenses/by/4.0/) | https://sketchfab.com/3d-models/plastic-water-bottle-efa1c4c1f2a947659ded2e61e20eff31,KNOWN (embedded) — attribution required,DELETE (unreferenced by runtime code)
public/assets/glb/residential/scene.gltf,37715,,,,,yes,,ATD-London (https://sketchfab.com/ATD-London) | CC-BY-4.0 (http://creativecommons.org/licenses/by/4.0/) | https://sketchfab.com/3d-models/residential-furniture-622e5089f251459fb8fc321646432e22 | buffers: scene.bin MISSING (model cannot load),"KNOWN — CC-BY-4.0, ATD-London (Sketchfab); attribution REQUIRED; incomplete: scene.bin not shipped",DELETE (unreferenced by runtime code)
public/assets/glb/vehicles/retro_anime_vintage_[redacted trademark]_van.glb (DELETED — S-001 purge d5e30f6; trademark scrub W-004),2707608,,,,,yes,,Jungle Jim (https://sketchfab.com/jungle_jim) | CC-BY-4.0 (http://creativecommons.org/licenses/by/4.0/) | https://sketchfab.com/3d-models/5772dc675e5347e09979998bfcf54938,KNOWN (embedded) — attribution required,DELETE (unreferenced by runtime code) — EXECUTED
public/assets/glb/vehicles/small_van.glb,2758612,,,,,yes,,Nirmal.Justin (https://sketchfab.com/Nirmal.Justin) | CC-BY-4.0 (http://creativecommons.org/licenses/by/4.0/) | https://sketchfab.com/3d-models/small-van-e2427c68f2f14b1aa4abe104cfad6496,KNOWN (embedded) — attribution required,DELETE (unreferenced by runtime code)
public/assets/obj/houses/gas-station.mtl,388,,,,,yes,,,"UNKNOWN — Blender export, no licence, not in ledger",DELETE (unreferenced by runtime code)
public/assets/obj/houses/gas-station.obj,19767,,,,,yes,,,"UNKNOWN — Blender export, no licence, not in ledger",DELETE (unreferenced by runtime code)
public/assets/obj/houses/house-country.mtl,227,,,,,yes,,,"UNKNOWN — Blender export, no licence, not in ledger",DELETE (unreferenced by runtime code)
public/assets/obj/houses/house-country.obj,19518,,,,,yes,,,"UNKNOWN — Blender export, no licence, not in ledger",DELETE (unreferenced by runtime code)
public/assets/obj/houses/house-hill-normal.mtl,227,,,,,yes,,,"UNKNOWN — Blender export, no licence, not in ledger",DELETE (unreferenced by runtime code)
public/assets/obj/houses/house-hill-normal.obj,24012,,,,,yes,,,"UNKNOWN — Blender export, no licence, not in ledger",DELETE (unreferenced by runtime code)
public/assets/obj/houses/house-hill-small.mtl,227,,,,,yes,,,"UNKNOWN — Blender export, no licence, not in ledger",DELETE (unreferenced by runtime code)
public/assets/obj/houses/house-hill-small.obj,20897,,,,,yes,,,"UNKNOWN — Blender export, no licence, not in ledger",DELETE (unreferenced by runtime code)
public/assets/obj/houses/house-luxurious.mtl,227,,,,,yes,,,"UNKNOWN — Blender export, no licence, not in ledger",DELETE (unreferenced by runtime code)
public/assets/obj/houses/house-luxurious.obj,46727,,,,,yes,,,"UNKNOWN — Blender export, no licence, not in ledger",DELETE (unreferenced by runtime code)
public/assets/obj/houses/house-mid.mtl,227,,,,,yes,,,"UNKNOWN — Blender export, no licence, not in ledger",DELETE (unreferenced by runtime code)
public/assets/obj/houses/house-mid.obj,23141,,,,,yes,,,"UNKNOWN — Blender export, no licence, not in ledger",DELETE (unreferenced by runtime code)
public/assets/obj/houses/house-modern.mtl,227,,,,,yes,,,"UNKNOWN — Blender export, no licence, not in ledger",DELETE (unreferenced by runtime code)
public/assets/obj/houses/house-modern.obj,23971,,,,,yes,,,"UNKNOWN — Blender export, no licence, not in ledger",DELETE (unreferenced by runtime code)
public/assets/obj/houses/house-small-carport-left.mtl,227,,,,,yes,,,"UNKNOWN — Blender export, no licence, not in ledger",DELETE (unreferenced by runtime code)
public/assets/obj/houses/house-small-carport-left.obj,31620,,,,,yes,,,"UNKNOWN — Blender export, no licence, not in ledger",DELETE (unreferenced by runtime code)
public/assets/obj/houses/house-small-carport-right.mtl,227,,,,,yes,,,"UNKNOWN — Blender export, no licence, not in ledger",DELETE (unreferenced by runtime code)
public/assets/obj/houses/house-small-carport-right.obj,31626,,,,,yes,,,"UNKNOWN — Blender export, no licence, not in ledger",DELETE (unreferenced by runtime code)
public/assets/obj/houses/house-small-garage.mtl,227,,,,,yes,,,"UNKNOWN — Blender export, no licence, not in ledger",DELETE (unreferenced by runtime code)
public/assets/obj/houses/house-small-garage.obj,27420,,,,,yes,,,"UNKNOWN — Blender export, no licence, not in ledger",DELETE (unreferenced by runtime code)
public/assets/obj/houses/house-small.2.mtl,227,,,,,yes,,,"UNKNOWN — Blender export, no licence, not in ledger",DELETE (unreferenced by runtime code)
public/assets/obj/houses/house-small.2.obj,18907,,,,,yes,,,"UNKNOWN — Blender export, no licence, not in ledger",DELETE (unreferenced by runtime code)
public/assets/obj/houses/house-small.mtl,227,,,,,yes,,,"UNKNOWN — Blender export, no licence, not in ledger",DELETE (unreferenced by runtime code)
public/assets/obj/houses/house-small.obj,18797,,,,,yes,,,"UNKNOWN — Blender export, no licence, not in ledger",DELETE (unreferenced by runtime code)
public/assets/obj/houses/road-straight-house-1-low.mtl,227,,,,,yes,,,"UNKNOWN — Blender export, no licence, not in ledger",DELETE (unreferenced by runtime code)
public/assets/obj/houses/road-straight-house-1-low.obj,8940,,,,,yes,,,"UNKNOWN — Blender export, no licence, not in ledger",DELETE (unreferenced by runtime code)
public/assets/obj/houses/road-straight-house-2-low.mtl,227,,,,,yes,,,"UNKNOWN — Blender export, no licence, not in ledger",DELETE (unreferenced by runtime code)
public/assets/obj/houses/road-straight-house-2-low.obj,7182,,,,,yes,,,"UNKNOWN — Blender export, no licence, not in ledger",DELETE (unreferenced by runtime code)
public/assets/obj/landscape/building-office-small.mtl,214,,,,,yes,,,"UNKNOWN — Blender export, no licence, not in ledger",DELETE (unreferenced by runtime code)
public/assets/obj/landscape/building-office-small.obj,34454,,,,,yes,,,"UNKNOWN — Blender export, no licence, not in ledger",DELETE (unreferenced by runtime code)
public/draco/draco_decoder.js,512465,,,,,yes,,,"KNOWN — Google Draco decoder, Apache-2.0 (public upstream artifact)",DELETE (unreferenced by runtime code)
public/draco/draco_decoder.wasm,192420,,,,,yes,,,"KNOWN — Google Draco decoder, Apache-2.0 (public upstream artifact)",DELETE (unreferenced by runtime code)
public/draco/draco_wasm_wrapper.js,58456,,,,,yes,,,"KNOWN — Google Draco decoder, Apache-2.0 (public upstream artifact)",DELETE (unreferenced by runtime code)
